Date,Price,Open,High,Low,Vol.,Change %
12/9/11,"5,529.21","5,483.77","5,540.52","5,440.86",841.43M,0.83%
12/8/11,"5,483.77","5,546.91","5,605.27","5,483.77",907.44M,-1.14%
12/7/11,"5,546.91","5,568.72","5,631.88","5,497.96",932.15M,-0.39%
12/6/11,"5,568.72","5,567.96","5,592.95","5,521.91",857.31M,0.01%
12/5/11,"5,567.96","5,552.29","5,602.80","5,545.93",900.66M,0.28%
12/2/11,"5,552.29","5,489.34","5,595.54","5,489.07",984.10M,1.15%
12/1/11,"5,489.34","5,505.42","5,553.89","5,486.87",939.17M,-0.29%
11/30/2011,"5,505.42","5,337.00","5,538.96","5,274.95",1.65B,3.16%
11/29/2011,"5,337.00","5,312.76","5,344.18","5,272.44",794.45M,0.46%
11/28/2011,"5,312.76","5,164.65","5,327.76","5,164.65",897.91M,2.87%
11/25/2011,"5,164.65","5,127.57","5,200.31","5,075.22",733.87M,0.72%
11/24/2011,"5,127.57","5,139.78","5,184.26","5,098.99",856.42M,-0.24%
11/23/2011,"5,139.78","5,206.82","5,206.82","5,139.78",1.01B,-1.29%
11/22/2011,"5,206.82","5,222.60","5,281.95","5,206.82",914.56M,-0.30%
11/21/2011,"5,222.60","5,362.94","5,362.94","5,221.69",952.41M,-2.62%
11/18/2011,"5,362.94","5,423.14","5,423.14","5,347.89",826.01M,-1.11%
11/17/2011,"5,423.14","5,509.02","5,509.02","5,366.12",1.06B,-1.56%
11/16/2011,"5,509.02","5,517.44","5,562.91","5,450.24",941.32M,-0.15%
11/15/2011,"5,517.44","5,519.04","5,551.38","5,428.60",841.52M,-0.03%
11/14/2011,"5,519.04","5,545.38","5,575.19","5,489.25",687.68M,-0.47%
11/11/11,"5,545.38","5,444.82","5,548.75","5,439.81",715.72M,1.85%
11/10/11,"5,444.82","5,460.38","5,497.20","5,360.19",799.97M,-0.28%
11/9/11,"5,460.38","5,567.34","5,615.84","5,426.25",1.07B,-1.92%
11/8/11,"5,567.34","5,510.82","5,616.00","5,509.57",885.00M,1.03%
11/7/11,"5,510.82","5,527.16","5,557.76","5,432.16",730.61M,-0.30%
11/4/11,"5,527.16","5,545.64","5,599.46","5,495.38",873.17M,-0.33%
11/3/11,"5,545.64","5,484.10","5,564.54","5,402.63",1.22B,1.12%
11/2/11,"5,484.10","5,421.57","5,493.29","5,383.37",1.36B,1.15%
11/1/11,"5,421.57","5,544.22","5,544.22","5,338.36",1.33B,-2.21%
10/31/2011,"5,544.22","5,702.24","5,702.24","5,544.22",1.08B,-2.77%
10/28/2011,"5,702.24","5,713.82","5,746.88","5,684.95",997.00M,-0.20%
10/27/2011,"5,713.82","5,553.24","5,747.33","5,553.24",1.45B,2.89%
10/26/2011,"5,553.24","5,525.54","5,576.63","5,498.51",705.18M,0.50%
10/25/2011,"5,525.54","5,548.06","5,574.13","5,465.52",777.72M,-0.41%
10/24/2011,"5,548.06","5,488.65","5,552.79","5,487.21",677.46M,1.08%
10/21/2011,"5,488.65","5,384.68","5,500.54","5,384.68",730.20M,1.93%
10/20/2011,"5,384.68","5,450.49","5,450.49","5,363.16",796.89M,-1.21%
10/19/2011,"5,450.49","5,410.35","5,483.79","5,410.35",723.01M,0.74%
10/18/2011,"5,410.35","5,436.70","5,436.70","5,348.64",754.54M,-0.48%
10/17/2011,"5,436.70","5,466.36","5,543.72","5,405.20",720.60M,-0.54%
10/14/2011,"5,466.36","5,403.38","5,501.39","5,395.57",673.34M,1.17%
10/13/2011,"5,403.38","5,441.80","5,456.09","5,368.37",895.90M,-0.71%
10/12/11,"5,441.80","5,395.70","5,458.02","5,348.16",833.34M,0.85%
10/11/11,"5,395.70","5,399.00","5,399.00","5,330.42",636.00M,-0.06%
10/10/11,"5,399.00","5,303.40","5,413.43","5,303.40",611.58M,1.80%
10/7/11,"5,303.40","5,291.26","5,370.89","5,261.43",864.88M,0.23%
10/6/11,"5,291.26","5,102.17","5,291.26","5,102.17",1.15B,3.71%
10/5/11,"5,102.17","4,944.44","5,121.40","4,944.44",932.39M,3.19%
10/4/11,"4,944.44","5,075.50","5,075.50","4,868.60",1.17B,-2.58%
10/3/11,"5,075.50","5,128.48","5,128.48","4,983.28",774.95M,-1.03%
09/30/2011,"5,128.48","5,196.84","5,197.33","5,068.63",889.50M,-1.32%
09/29/2011,"5,196.84","5,217.63","5,250.18","5,160.77",736.90M,-0.40%
09/28/2011,"5,217.63","5,294.05","5,314.29","5,191.36",726.67M,-1.44%
09/27/2011,"5,294.05","5,089.37","5,294.05","5,089.37",960.71M,4.02%
09/26/2011,"5,089.37","5,066.81","5,148.81","4,974.03",1.04B,0.45%
09/23/2011,"5,066.81","5,041.61","5,105.38","4,928.14",1.01B,0.50%
09/22/2011,"5,041.61","5,288.41","5,288.41","5,013.55",1.19B,-4.67%
09/21/2011,"5,288.41","5,363.71","5,366.09","5,268.82",770.54M,-1.40%
09/20/2011,"5,363.71","5,259.56","5,377.39","5,219.09",708.69M,1.98%
09/19/2011,"5,259.56","5,368.41","5,368.41","5,231.62",721.39M,-2.03%
09/16/2011,"5,368.41","5,337.54","5,406.10","5,337.54",1.46B,0.58%
09/15/2011,"5,337.54","5,227.02","5,366.74","5,227.02",1.12B,2.11%
09/14/2011,"5,227.02","5,174.25","5,270.42","5,146.39",1.12B,1.02%
09/13/2011,"5,174.25","5,129.62","5,203.07","5,069.52",885.95M,0.87%
9/12/11,"5,129.62","5,214.65","5,214.65","5,059.22",1.01B,-1.63%
9/9/11,"5,214.65","5,340.38","5,352.03","5,202.24",1.05B,-2.35%
9/8/11,"5,340.38","5,318.59","5,369.82","5,269.70",922.65M,0.41%
9/7/11,"5,318.59","5,156.84","5,322.21","5,156.84",837.91M,3.14%
9/6/11,"5,156.84","5,102.58","5,190.27","5,086.79",946.08M,1.06%
9/5/11,"5,102.58","5,292.03","5,292.03","5,097.71",788.82M,-3.58%
9/2/11,"5,292.03","5,418.65","5,418.65","5,258.50",823.93M,-2.34%
9/1/11,"5,418.65","5,394.53","5,449.67","5,346.70",975.36M,0.45%
08/31/2011,"5,394.53","5,268.66","5,411.60","5,258.62",1.18B,2.39%
08/30/2011,"5,268.66","5,129.92","5,283.60","5,129.92",910.28M,2.70%
08/26/2011,"5,129.92","5,131.10","5,149.51","5,014.79",1.04B,-0.02%
08/25/2011,"5,131.10","5,205.85","5,254.17","5,102.06",1.13B,-1.44%
08/24/2011,"5,205.85","5,129.42","5,250.59","5,098.14",908.82M,1.49%
08/23/2011,"5,129.42","5,095.30","5,193.17","5,076.74",904.65M,0.67%
08/22/2011,"5,095.30","5,040.76","5,182.98","4,993.34",857.26M,1.08%
08/19/2011,"5,040.76","5,092.23","5,107.91","4,929.55",1.55B,-1.01%
08/18/2011,"5,092.23","5,331.60","5,331.60","5,041.59",1.18B,-4.49%
08/17/2011,"5,331.60","5,357.63","5,371.08","5,279.93",671.94M,-0.49%
08/16/2011,"5,357.63","5,350.58","5,362.15","5,265.83",716.38M,0.13%
08/15/2011,"5,350.58","5,320.03","5,377.23","5,319.38",695.64M,0.57%
8/12/11,"5,320.03","5,162.83","5,320.03","5,099.31",1.02B,2.94%
8/11/11,"5,168.24","5,129.30","5,173.30","4,939.80",,3.22%
8/10/11,"5,007.16","5,263.80","5,266.80","4,987.30",,-3.05%
8/9/11,"5,164.92","5,013.40","5,193.80","4,788.30",,1.72%
8/8/11,"5,077.50","5,167.50","5,295.30","5,060.50",,0.17%
8/5/11,"5,068.95","5,236.00","5,387.50","5,202.50",,-6.01%
8/4/11,"5,393.14","5,636.30","5,636.80","5,388.10",,-3.43%
8/3/11,"5,584.51","5,638.30","5,678.00","5,555.80",,-2.34%
8/2/11,"5,718.39","5,763.00","5,780.50","5,704.80",,-0.97%
8/1/11,"5,774.43","5,878.00","5,914.80","5,764.80",,-0.70%
07/29/2011,"5,815.19","5,818.00","5,852.00","5,771.80",,-0.99%
07/28/2011,"5,873.21","5,803.30","5,883.00","5,799.30",,0.28%
07/27/2011,"5,856.58","5,908.80","5,932.50","5,840.00",,-1.23%
07/26/2011,"5,929.73","5,935.30","5,949.50","5,894.30",,0.08%
07/25/2011,"5,925.26","5,895.80","5,938.50","5,891.30",,-0.16%
07/22/2011,"5,935.02","5,941.60","5,967.50","5,903.50",,0.60%
07/21/2011,"5,899.89","5,858.70","5,934.50","5,796.30",,0.79%
07/20/2011,"5,853.82","5,821.10","5,855.80","5,804.00",,1.10%
07/19/2011,"5,789.99","5,773.40","5,802.30","5,765.30",,0.65%
07/18/2011,"5,752.81","5,804.00","5,816.50","5,752.81",,-1.55%
07/15/2011,"5,843.66","5,821.80","5,863.00","5,805.30",,-0.06%
07/14/2011,"5,846.95","5,857.30","5,895.80","5,839.80",,-0.97%
07/13/2011,"5,904.19","5,861.90","5,910.50","5,848.50",,0.60%
7/12/11,"5,868.96","5,873.80","5,899.50","5,790.50",,-1.02%
7/11/11,"5,929.16","5,974.00","6,000.00","5,898.80",,-1.03%
7/8/11,"5,990.58","6,080.30","6,084.30","5,980.50",,-1.06%
7/7/11,"6,054.55","6,026.20","6,071.30","6,005.00",,0.86%
7/6/11,"6,002.92","6,019.50","6,023.30","5,972.30",,-0.35%
7/5/11,"6,024.03","6,018.00","6,037.30","6,012.30",,0.11%
7/4/11,"6,017.54","5,991.50","6,031.30","5,984.50",,0.46%
7/1/11,"5,989.76","5,953.50","5,999.80","5,935.80",,0.74%
06/30/2011,"5,945.71","5,880.30","5,947.30","5,879.00",,1.53%
06/29/2011,"5,855.95","5,802.00","5,866.80","5,799.50",,1.54%
06/28/2011,"5,766.88","5,747.30","5,796.80","5,733.30",,0.78%
06/27/2011,"5,722.34","5,677.80","5,728.00","5,677.80",,0.43%
06/24/2011,"5,697.72","5,743.10","5,768.00","5,679.50",,0.41%
06/23/2011,"5,674.38","5,744.70","5,750.00","5,662.00",,-1.71%
06/22/2011,"5,772.99","5,767.30","5,789.80","5,741.80",,-0.04%
06/21/2011,"5,775.31","5,717.50","5,779.30","5,714.30",,1.44%
06/20/2011,"5,693.39","5,665.60","5,705.30","5,647.30",,-0.38%
06/17/2011,"5,714.94","5,668.40","5,732.80","5,643.80",,0.28%
06/16/2011,"5,698.81","5,701.00","5,717.50","5,642.80",,-0.76%
06/15/2011,"5,742.55","5,787.60","5,799.80","5,742.55",,-1.04%
06/14/2011,"5,803.13","5,805.90","5,823.30","5,783.80",,0.51%
06/13/2011,"5,773.46","5,769.60","5,794.80","5,763.00",,0.07%
6/10/11,"5,769.30","5,847.00","5,868.30","5,757.30",,-1.49%
6/9/11,"5,856.34","5,804.80","5,862.00","5,794.80",,0.82%
6/8/11,"5,808.89","5,852.30","5,861.80","5,791.80",,-0.95%
6/7/11,"5,864.65","5,858.30","5,891.30","5,848.80",,0.03%
6/6/11,"5,863.16","5,834.80","5,883.30","5,827.50",,0.14%
6/3/11,"5,855.01","5,864.50","5,868.00","5,802.50",,0.12%
6/2/11,"5,847.92","5,872.80","5,893.00","5,847.92",,-1.36%
6/1/11,"5,928.61","5,989.40","5,991.30","5,910.30",,-1.02%
05/31/2011,"5,989.99","5,981.80","6,010.80","5,969.50",,0.86%
05/27/2011,"5,938.87","5,925.30","5,951.80","5,916.30",,0.98%
05/26/2011,"5,880.99","5,888.30","5,912.00","5,866.30",,0.18%
05/25/2011,"5,870.14","5,810.40","5,881.50","5,809.60",,0.20%
05/24/2011,"5,858.41","5,843.30","5,884.30","5,842.30",,0.39%
05/23/2011,"5,835.89","5,870.30","5,874.30","5,832.00",,-1.89%
05/20/2011,"5,948.49","5,968.80","6,018.50","5,926.30",,-0.13%
05/19/2011,"5,955.99","5,959.80","6,004.00","5,935.30",,0.55%
05/18/2011,"5,923.49","5,906.80","5,933.80","5,886.30",,1.07%
05/17/2011,"5,861.00","5,894.10","5,942.30","5,861.00",,-1.06%
05/16/2011,"5,923.69","5,902.20","5,935.30","5,859.30",,-0.04%
05/13/2011,"5,925.87","5,968.10","6,000.00","5,916.50",,-0.32%
5/12/11,"5,944.96","5,925.50","5,944.96","5,879.80",,-0.52%
5/11/11,"5,976.00","6,031.60","6,039.80","5,963.00",,-0.71%
5/10/11,"6,018.89","5,950.30","6,023.30","5,947.80",,1.28%
5/9/11,"5,942.69","5,946.00","5,999.30","5,920.00",,-0.57%
5/6/11,"5,976.77","5,918.30","5,986.50","5,870.30",,0.96%
5/5/11,"5,919.98","6,002.80","6,009.30","5,911.30",,-1.07%
5/4/11,"5,984.07","6,049.00","6,074.50","5,972.30",,-1.62%
5/3/11,"6,082.88","6,094.90","6,103.30","6,050.00",,0.21%
04/28/2011,"6,069.90","6,085.80","6,089.30","6,050.00",,0.03%
04/27/2011,"6,068.16","6,066.00","6,090.50","6,044.80",,-0.02%
04/26/2011,"6,069.36","6,006.10","6,073.00","6,005.50",,0.85%
04/21/2011,"6,018.30","6,053.90","6,053.90","6,007.80",,-0.07%
04/20/2011,"6,022.26","5,953.80","6,034.80","5,953.80",,2.13%
04/19/2011,"5,896.87","5,903.00","5,921.30","5,889.80",,0.46%
04/18/2011,"5,870.08","5,992.70","5,995.00","5,856.80",,-2.10%
04/15/2011,"5,996.01","5,977.80","5,997.30","5,962.00",,0.54%
04/14/2011,"5,963.80","5,994.30","5,995.50","5,942.50",,-0.78%
04/13/2011,"6,010.44","5,991.50","6,044.00","5,983.30",,0.77%
4/12/11,"5,964.47","6,025.50","6,027.80","5,957.50",,-1.47%
4/11/11,"6,053.44","6,054.50","6,071.50","6,043.00",,-0.04%
4/8/11,"6,055.75","6,043.90","6,066.50","6,037.50",,0.81%
4/7/11,"6,007.37","6,043.30","6,053.50","6,007.30",,-0.56%
4/6/11,"6,041.13","6,029.80","6,057.30","6,008.50",,0.57%
4/5/11,"6,007.06","6,020.80","6,023.00","5,988.50",,-0.16%
4/4/11,"6,016.98","5,999.00","6,035.00","5,986.00",,0.12%
4/1/11,"6,009.92","5,929.20","6,015.30","5,929.20",,1.20%
03/31/2011,"5,938.66","5,953.90","5,974.00","5,918.30",,-0.16%
03/30/2011,"5,948.30","5,970.10","5,970.10","5,941.50",,0.27%
03/29/2011,"5,932.17","5,911.40","5,933.00","5,878.00",,0.47%
03/28/2011,"5,904.49","5,903.50","5,924.30","5,900.00",,0.06%
03/25/2011,"5,900.76","5,918.30","5,919.30","5,876.50",,0.34%
03/24/2011,"5,880.87","5,791.50","5,893.00","5,780.30",,1.47%
03/23/2011,"5,795.88","5,732.80","5,802.80","5,731.30",,0.58%
03/22/2011,"5,762.71","5,783.00","5,814.00","5,742.30",,-0.40%
03/21/2011,"5,786.09","5,784.50","5,800.30","5,762.30",,1.14%
03/18/2011,"5,720.80","5,706.90","5,757.50","5,699.30",,0.47%
03/17/2011,"5,693.80","5,634.80","5,708.00","5,610.80",,1.71%
03/16/2011,"5,598.23","5,719.80","5,719.80","5,598.23",,-1.70%
03/15/2011,"5,695.28","5,672.30","5,713.30","5,591.00",,-1.38%
03/14/2011,"5,775.24","5,813.30","5,843.00","5,768.30",,-0.92%
3/11/11,"5,828.67","5,802.80","5,841.50","5,795.30",,-0.28%
3/10/11,"5,845.29","5,883.90","5,906.80","5,830.30",,-1.55%
3/9/11,"5,937.30","5,975.80","5,975.80","5,920.80",,-0.41%
3/8/11,"5,961.82","5,987.00","6,000.50","5,909.80",,-0.20%
3/7/11,"5,973.78","5,975.80","6,044.50","5,964.80",,-0.28%
3/4/11,"5,990.39","6,021.70","6,052.30","5,982.50",,-0.24%
3/3/11,"6,005.09","5,948.50","6,017.50","5,918.00",,1.52%
3/2/11,"5,914.89","5,881.60","5,940.80","5,863.30",,-0.65%
3/1/11,"5,953.87","6,032.30","6,041.50","5,925.50",,-0.67%
02/28/2011,"5,994.01","6,001.90","6,023.00","5,961.00",,-0.12%
02/25/2011,"6,001.20","5,942.20","6,011.30","5,909.30",,1.37%
02/24/2011,"5,919.98","5,864.60","5,937.00","5,856.50",,-0.06%
02/23/2011,"5,923.53","5,969.70","5,982.30","5,913.50",,-1.22%
02/22/2011,"5,996.76","5,983.00","6,027.80","5,922.80",,-0.30%
02/21/2011,"6,014.80","6,070.80","6,106.50","6,010.80",,-1.12%
02/18/2011,"6,082.99","6,091.00","6,096.00","6,046.80",,-0.07%
02/17/2011,"6,087.38","6,088.30","6,099.00","6,066.30",,0.03%
02/16/2011,"6,085.27","6,048.50","6,094.30","6,042.30",,0.80%
02/15/2011,"6,037.08","6,051.80","6,072.30","6,021.30",,-0.44%
02/14/2011,"6,063.56","6,077.00","6,091.30","6,040.80",,0.01%
2/11/11,"6,062.90","6,000.40","6,069.80","5,970.80",,0.71%
2/10/11,"6,020.01","6,039.00","6,044.30","5,984.00",,-0.53%
2/9/11,"6,052.29","6,075.30","6,079.50","6,047.80",,-0.64%
2/8/11,"6,091.33","6,044.30","6,091.33","6,031.80",,0.78%
2/7/11,"6,044.16","6,011.10","6,054.80","5,996.30",,0.78%
2/4/11,"5,997.38","6,000.50","6,024.50","5,985.30",,0.23%
2/3/11,"5,983.34","5,989.70","5,996.30","5,950.50",,-0.22%
2/2/11,"5,996.56","5,978.30","6,020.00","5,968.50",,0.65%
2/1/11,"5,957.82","5,901.20","5,964.50","5,872.00",,1.62%
01/31/2011,"5,862.94","5,855.00","5,881.50","5,814.30",,-0.31%
01/28/2011,"5,881.37","5,950.50","5,950.90","5,875.50",,-1.40%
01/27/2011,"5,965.08","5,969.80","5,997.80","5,947.80",,-0.21%
01/26/2011,"5,977.63","5,946.80","6,002.50","5,944.80",,1.01%
01/25/2011,"5,917.71","5,962.40","5,964.40","5,903.30",,-0.44%
01/24/2011,"5,943.85","5,901.60","5,960.50","5,886.50",,0.81%
01/21/2011,"5,896.25","5,879.80","5,939.50","5,871.50",,0.48%
01/20/2011,"5,867.91","5,961.30","5,966.00","5,863.80",,-1.82%
01/19/2011,"5,976.70","6,076.20","6,077.30","5,972.30",,-1.32%
01/18/2011,"6,056.43","6,002.50","6,066.80","6,002.50",,1.18%
01/17/2011,"5,985.70","6,013.60","6,018.30","5,974.30",,-0.04%
01/14/2011,"5,988.12","6,014.80","6,031.80","5,947.50",,-0.59%
01/13/2011,"6,023.88","6,047.80","6,056.50","6,004.00",,-0.44%
1/12/11,"6,050.72","6,024.30","6,050.72","6,019.80",,0.61%
1/11/11,"6,014.03","5,986.10","6,036.80","5,978.80",,0.97%
1/10/11,"5,956.30","5,978.50","5,980.80","5,938.50",,-0.47%
1/7/11,"5,984.33","6,009.50","6,021.30","5,970.00",,-0.58%
1/6/11,"6,019.51","6,036.70","6,089.30","6,002.80",,-0.40%
1/5/11,"6,043.86","6,011.50","6,043.86","5,962.00",,0.50%
1/4/11,"6,013.87","5,990.00","6,049.50","5,979.80",,1.93%
12/31/2010,"5,899.94","5,979.80","5,980.80","5,899.94",,-1.19%
12/30/2010,"5,971.01","5,993.80","6,007.80","5,962.80",,-0.42%
12/29/2010,"5,996.36","5,995.50","6,019.00","5,973.30",,-0.21%
12/24/2010,"6,008.92","5,998.30","6,008.92","5,977.80",,0.21%
12/23/2010,"5,996.07","5,997.40","6,001.80","5,981.50",,0.21%
12/22/2010,"5,983.49","5,954.00","5,992.50","5,934.00",,0.53%
12/21/2010,"5,951.80","5,924.40","5,954.00","5,920.30",,0.98%
12/20/2010,"5,894.10","5,876.30","5,915.80","5,865.30",,0.38%
12/17/2010,"5,871.75","5,895.30","5,905.00","5,858.30",,-0.16%
12/16/2010,"5,881.12","5,884.80","5,908.00","5,862.00",,-0.02%
12/15/2010,"5,882.18","5,866.80","5,899.00","5,858.50",,-0.15%
12/14/2010,"5,891.21","5,859.00","5,891.21","5,846.00",,0.52%
12/13/2010,"5,860.75","5,837.30","5,873.80","5,827.80",,0.82%
12/10/10,"5,812.95","5,823.30","5,826.00","5,793.50",,0.09%
12/9/10,"5,807.96","5,823.80","5,838.80","5,797.50",,0.23%
12/8/10,"5,794.53","5,782.50","5,824.30","5,773.80",,-0.24%
12/7/10,"5,808.45","5,791.30","5,850.80","5,769.50",,0.66%
12/6/10,"5,770.28","5,761.60","5,785.80","5,727.80",,0.24%
12/3/10,"5,756.66","5,764.60","5,785.80","5,719.50",,-0.19%
12/2/10,"5,767.56","5,678.80","5,774.30","5,649.80",,2.22%
12/1/10,"5,642.50","5,569.80","5,657.80","5,559.50",,2.07%
11/30/2010,"5,528.27","5,572.70","5,598.00","5,518.30",,-0.74%
11/29/2010,"5,569.73","5,698.10","5,724.50","5,562.00",,-1.75%
11/26/2010,"5,668.70","5,663.20","5,696.50","5,597.50",,-0.53%
11/25/2010,"5,698.93","5,666.30","5,709.50","5,653.50",,0.74%
11/24/2010,"5,657.10","5,608.30","5,665.80","5,573.30",,1.36%
11/23/2010,"5,581.28","5,640.60","5,663.30","5,581.28",,-1.75%
11/22/2010,"5,680.83","5,782.50","5,784.50","5,666.80",,-0.91%
11/19/2010,"5,732.83","5,777.70","5,777.70","5,682.80",,-0.62%
11/18/2010,"5,768.71","5,730.80","5,785.00","5,718.30",,1.34%
11/17/2010,"5,692.56","5,654.80","5,705.30","5,653.80",,0.03%
11/16/2010,"5,690.80","5,785.70","5,789.30","5,680.80",,-2.23%
11/15/2010,"5,820.41","5,780.10","5,834.50","5,753.50",,0.41%
11/12/10,"5,796.87","5,742.50","5,831.30","5,711.00",,-0.32%
11/11/10,"5,815.23","5,838.80","5,841.80","5,791.30",,-0.03%
11/10/10,"5,816.94","5,858.40","5,868.00","5,794.00",,-0.99%
11/9/10,"5,875.19","5,841.20","5,901.80","5,841.20",,0.43%
11/8/10,"5,849.96","5,871.50","5,882.30","5,839.50",,-0.43%
11/5/10,"5,875.35","5,881.00","5,896.50","5,831.80",,0.21%
11/4/10,"5,862.79","5,798.20","5,876.30","5,797.40",,1.98%
11/3/10,"5,748.97","5,762.20","5,773.30","5,728.30",,-0.15%
11/2/10,"5,757.43","5,688.90","5,773.30","5,685.00",,1.10%
11/1/10,"5,694.62","5,711.70","5,734.80","5,665.80",,0.34%
10/29/2010,"5,675.16","5,662.30","5,700.00","5,645.80",,-0.05%
10/28/2010,"5,677.89","5,684.80","5,713.00","5,653.30",,0.56%
10/27/2010,"5,646.02","5,674.80","5,690.50","5,629.30",,-1.07%
10/26/2010,"5,707.30","5,735.80","5,746.30","5,674.80",,-0.78%
10/25/2010,"5,751.98","5,780.10","5,791.80","5,750.30",,0.18%
10/22/2010,"5,741.37","5,747.80","5,756.00","5,721.80",,-0.29%
10/21/2010,"5,757.86","5,709.50","5,787.50","5,696.80",,0.50%
10/20/2010,"5,728.93","5,684.40","5,730.50","5,678.50",,0.44%
10/19/2010,"5,703.89","5,738.50","5,762.50","5,687.50",,-0.67%
10/18/2010,"5,742.52","5,681.60","5,750.50","5,668.50",,0.69%
10/15/2010,"5,703.37","5,750.70","5,750.70","5,663.50",,-0.42%
10/14/2010,"5,727.21","5,767.80","5,770.80","5,711.30",,-0.35%
10/13/2010,"5,747.35","5,691.60","5,761.30","5,686.30",,1.51%
10/12/10,"5,661.59","5,643.50","5,677.80","5,595.80",,-0.19%
10/11/10,"5,672.40","5,670.70","5,685.80","5,654.80",,0.26%
10/8/10,"5,657.61","5,653.50","5,663.80","5,604.50",,-0.08%
10/7/10,"5,662.13","5,687.60","5,708.50","5,648.80",,-0.34%
10/6/10,"5,681.39","5,659.20","5,694.30","5,653.50",,0.81%
10/5/10,"5,635.76","5,564.50","5,647.30","5,548.50",,1.44%
10/4/10,"5,555.97","5,607.30","5,607.30","5,549.00",,-0.66%
10/1/10,"5,592.90","5,582.50","5,617.50","5,559.80",,0.80%
09/30/2010,"5,548.62","5,551.80","5,653.50","5,537.50",,-0.37%
09/29/2010,"5,569.27","5,606.00","5,625.80","5,542.50",,-0.16%
09/28/2010,"5,578.44","5,563.30","5,583.80","5,504.80",,0.09%
09/27/2010,"5,573.42","5,603.80","5,615.50","5,569.00",,-0.45%
09/24/2010,"5,598.48","5,526.30","5,612.80","5,517.00",,0.93%
09/23/2010,"5,547.08","5,584.50","5,591.00","5,470.00",,-0.27%
09/22/2010,"5,562.02","5,597.00","5,599.50","5,515.50",,-0.25%
09/21/2010,"5,576.19","5,593.30","5,637.50","5,572.80",,-0.47%
09/20/2010,"5,602.54","5,539.50","5,607.50","5,535.30",,1.71%
09/17/2010,"5,508.45","5,588.80","5,618.30","5,497.30",,-0.57%
09/16/2010,"5,540.14","5,552.30","5,565.50","5,533.00",,-0.30%
09/15/2010,"5,557.07","5,572.50","5,579.30","5,534.80",,-0.19%
09/14/2010,"5,567.41","5,568.50","5,584.00","5,541.30",,0.03%
09/13/2010,"5,565.53","5,554.90","5,573.00","5,529.80",,1.16%
9/10/10,"5,501.64","5,472.50","5,511.80","5,472.50",,0.14%
9/9/10,"5,494.16","5,415.00","5,504.80","5,409.80",,1.19%
9/8/10,"5,429.74","5,381.80","5,445.80","5,360.00",,0.41%
9/7/10,"5,407.82","5,428.50","5,430.00","5,380.00",,-0.58%
9/6/10,"5,439.19","5,459.80","5,461.80","5,432.00",,0.20%
9/3/10,"5,428.15","5,383.30","5,455.80","5,372.80",,1.06%
9/2/10,"5,371.04","5,348.00","5,384.50","5,342.30",,0.09%
9/1/10,"5,366.41","5,248.50","5,371.80","5,224.80",,2.70%
08/31/2010,"5,225.22","5,143.30","5,226.80","5,128.30",,0.45%
08/27/2010,"5,201.56","5,138.30","5,219.80","5,119.80",,0.89%
08/26/2010,"5,155.84","5,146.90","5,168.80","5,125.30",,0.75%
08/25/2010,"5,117.24","5,148.80","5,168.50","5,068.80",,-0.75%
08/24/2010,"5,155.95","5,202.60","5,203.00","5,106.50",,-1.51%
08/23/2010,"5,234.84","5,214.00","5,268.80","5,184.50",,0.76%
08/20/2010,"5,195.28","5,208.80","5,232.50","5,158.80",,-0.31%
08/19/2010,"5,211.29","5,321.70","5,337.30","5,202.80",,-1.73%
08/18/2010,"5,302.87","5,326.40","5,331.30","5,294.80",,-0.89%
08/17/2010,"5,350.55","5,288.50","5,355.30","5,273.30",,1.41%
08/16/2010,"5,276.10","5,277.30","5,304.80","5,226.50",,0.01%
08/13/2010,"5,275.44","5,299.10","5,308.80","5,225.30",,0.18%
8/12/10,"5,266.06","5,220.80","5,274.00","5,208.80",,0.40%
8/11/10,"5,245.21","5,336.30","5,340.50","5,241.80",,-2.44%
8/10/10,"5,376.41","5,394.90","5,407.80","5,346.80",,-0.63%
8/9/10,"5,410.52","5,392.30","5,420.80","5,387.80",,1.47%
8/6/10,"5,332.39","5,391.10","5,409.50","5,306.80",,-0.62%
8/5/10,"5,365.78","5,392.90","5,418.30","5,356.80",,-0.38%
8/4/10,"5,386.16","5,380.10","5,406.80","5,317.30",,-0.19%
8/3/10,"5,396.48","5,390.20","5,399.30","5,353.00",,-0.01%
8/2/10,"5,397.11","5,305.00","5,402.80","5,300.00",,2.65%
07/30/2010,"5,258.02","5,294.50","5,322.50","5,244.30",,-1.05%
07/29/2010,"5,313.95","5,328.40","5,375.50","5,302.00",,-0.96%
07/27/2010,"5,365.67","5,361.00","5,412.80","5,351.30",,0.27%
07/26/2010,"5,351.12","5,352.80","5,354.30","5,301.30",,0.72%
07/23/2010,"5,312.62","5,321.30","5,328.30","5,273.00",,-0.02%
07/22/2010,"5,313.81","5,185.10","5,320.80","5,177.50",,1.90%
07/21/2010,"5,214.64","5,186.90","5,245.30","5,183.00",,1.46%
07/20/2010,"5,139.46","5,172.90","5,175.30","5,089.00",,-0.17%
07/19/2010,"5,148.28","5,129.80","5,198.00","5,113.00",,-0.21%
07/16/2010,"5,158.90","5,211.30","5,273.60","5,153.30",,-1.01%
07/15/2010,"5,211.30","5,253.50","5,268.40","5,187.50",,-0.80%
07/14/2010,"5,253.50","5,271.00","5,287.30","5,205.80",,-0.33%
07/13/2010,"5,271.00","5,167.00","5,272.30","5,167.00",,2.01%
7/12/10,"5,167.00","5,132.90","5,193.20","5,128.60",,0.66%
7/9/10,"5,132.90","5,105.50","5,150.60","5,098.80",,0.54%
7/8/10,"5,105.50","5,014.80","5,123.50","5,014.80",,1.81%
7/7/10,"5,014.80","4,965.00","5,014.80","4,892.00",,1.00%
7/6/10,"4,965.00","4,823.50","4,967.60","4,823.50",,2.93%
7/5/10,"4,823.50","4,838.10","4,863.40","4,821.10",,-0.30%
7/2/10,"4,838.10","4,805.80","4,880.90","4,805.80",,0.67%
7/1/10,"4,805.80","4,916.90","4,916.90","4,790.00",,-2.26%
06/30/2010,"4,916.90","4,914.20","4,961.90","4,898.50",,0.05%
06/29/2010,"4,914.20","5,071.70","5,071.70","4,899.00",,-3.11%
06/28/2010,"5,071.70","5,046.50","5,085.60","5,024.70",,0.50%
06/25/2010,"5,046.50","5,100.20","5,130.50","5,031.70",,-1.05%
06/24/2010,"5,100.20","5,178.50","5,211.80","5,091.00",,-1.51%
06/23/2010,"5,178.50","5,247.00","5,247.90","5,165.80",,-1.31%
06/22/2010,"5,247.00","5,299.10","5,299.10","5,210.00",,-0.98%
06/21/2010,"5,299.10","5,250.80","5,331.50","5,250.80",,0.92%
06/18/2010,"5,250.80","5,253.90","5,289.10","5,239.40",,-0.06%
06/17/2010,"5,253.90","5,237.90","5,293.80","5,233.20",,0.31%
06/16/2010,"5,237.90","5,217.80","5,257.30","5,209.40",,0.39%
06/15/2010,"5,217.80","5,202.10","5,242.10","5,149.10",,0.30%
06/14/2010,"5,202.10","5,163.70","5,215.20","5,163.70",,0.74%
6/11/10,"5,163.70","5,132.50","5,184.40","5,116.70",,0.61%
6/10/10,"5,132.50","5,085.90","5,149.70","5,030.90",,0.92%
6/9/10,"5,085.90","5,028.10","5,085.90","4,998.10",,1.15%
6/8/10,"5,028.10","5,069.10","5,084.10","4,984.70",,-0.81%
6/7/10,"5,069.10","5,126.00","5,126.00","5,040.30",,-1.11%
6/4/10,"5,126.00","5,211.20","5,261.70","5,102.00",,-1.63%
6/3/10,"5,211.20","5,151.30","5,262.50","5,151.30",,1.16%
6/2/10,"5,151.30","5,163.30","5,163.30","5,072.50",,-0.23%
6/1/10,"5,163.30","5,188.40","5,192.10","5,063.20",,-0.48%
05/28/2010,"5,188.40","5,195.20","5,240.30","5,186.00",,-0.13%
05/27/2010,"5,195.20","5,038.10","5,195.40","5,038.10",,3.12%
05/26/2010,"5,038.10","4,940.70","5,097.90","4,940.50",,1.97%
05/25/2010,"4,940.70","5,069.60","5,069.60","4,898.50",,-2.54%
05/24/2010,"5,069.60","5,062.90","5,109.40","5,021.60",,0.13%
05/21/2010,"5,062.90","5,073.10","5,084.00","4,957.10",,-0.20%
05/20/2010,"5,073.10","5,158.10","5,230.20","5,000.80",,-1.65%
05/19/2010,"5,158.10","5,307.30","5,307.30","5,158.10",,-2.81%
05/18/2010,"5,307.30","5,262.50","5,341.40","5,262.50",,0.85%
05/17/2010,"5,262.50","5,262.90","5,327.50","5,231.60",,-0.01%
05/14/2010,"5,262.90","5,433.70","5,433.70","5,245.40",,-3.14%
05/13/2010,"5,433.70","5,383.50","5,436.00","5,381.50",,0.93%
5/12/10,"5,383.50","5,334.20","5,401.00","5,284.60",,0.92%
5/11/10,"5,334.20","5,387.40","5,387.40","5,257.10",,-0.99%
5/10/10,"5,387.40","5,123.00","5,399.80","5,123.00",,5.16%
5/7/10,"5,123.00","5,261.00","5,264.50","5,045.30",,-2.62%
5/6/10,"5,261.00","5,341.90","5,371.50","5,251.30",,-1.51%
5/5/10,"5,341.90","5,411.10","5,428.80","5,304.60",,-1.28%
5/4/10,"5,411.10","5,553.30","5,566.00","5,398.90",,-2.56%
04/30/2010,"5,553.30","5,617.80","5,643.90","5,540.60",,-1.15%
04/29/2010,"5,617.80","5,586.60","5,638.80","5,579.70",,0.56%
04/28/2010,"5,586.60","5,603.50","5,640.00","5,533.60",,-0.30%
04/27/2010,"5,603.50","5,753.90","5,758.60","5,603.50",,-2.61%
04/26/2010,"5,753.90","5,723.60","5,800.70","5,723.60",,0.53%
04/23/2010,"5,723.60","5,665.30","5,740.90","5,665.30",,1.03%
04/22/2010,"5,665.30","5,723.40","5,761.40","5,652.40",,-1.02%
04/21/2010,"5,723.40","5,783.70","5,797.00","5,721.30",,-1.04%
04/20/2010,"5,783.70","5,727.90","5,796.60","5,727.90",,0.97%
04/19/2010,"5,727.90","5,744.00","5,748.30","5,697.20",,-0.28%
04/16/2010,"5,744.00","5,825.00","5,833.70","5,726.40",,-1.39%
04/15/2010,"5,825.00","5,796.30","5,832.30","5,778.40",,0.50%
04/14/2010,"5,796.30","5,761.70","5,812.80","5,761.70",,0.60%
04/13/2010,"5,761.70","5,777.60","5,778.90","5,741.90",,-0.28%
4/12/10,"5,777.60","5,771.00","5,803.70","5,755.80",,0.11%
4/9/10,"5,771.00","5,712.70","5,773.60","5,712.70",,1.02%
4/8/10,"5,712.70","5,762.10","5,762.10","5,684.50",,-0.86%
4/7/10,"5,762.10","5,780.40","5,782.30","5,753.40",,-0.32%
4/6/10,"5,780.40","5,744.90","5,790.40","5,744.60",,0.62%
4/1/10,"5,744.90","5,679.60","5,744.90","5,679.50",,1.15%
03/31/2010,"5,679.60","5,672.30","5,698.50","5,646.30",,0.13%
03/30/2010,"5,672.30","5,710.70","5,742.80","5,662.80",,-0.67%
03/29/2010,"5,710.70","5,703.00","5,733.10","5,684.60",,0.14%
03/26/2010,"5,703.00","5,727.60","5,727.60","5,695.50",,-0.43%
03/25/2010,"5,727.60","5,677.90","5,737.10","5,673.10",,0.88%
03/24/2010,"5,677.90","5,673.60","5,698.90","5,636.00",,0.08%
03/23/2010,"5,673.60","5,644.50","5,695.90","5,644.50",,0.52%
03/22/2010,"5,644.50","5,650.10","5,650.10","5,583.50",,-0.10%
03/19/2010,"5,650.10","5,642.60","5,691.20","5,633.50",,0.13%
03/18/2010,"5,642.60","5,644.60","5,661.00","5,619.20",,-0.04%
03/17/2010,"5,644.60","5,620.40","5,657.80","5,620.40",,0.43%
03/16/2010,"5,620.40","5,593.90","5,637.70","5,593.90",,0.47%
03/15/2010,"5,593.90","5,625.60","5,627.00","5,588.20",,-0.56%
3/12/10,"5,625.60","5,617.30","5,646.70","5,612.40",,0.15%
3/11/10,"5,617.30","5,640.60","5,642.90","5,594.70",,-0.41%
3/10/10,"5,640.60","5,602.30","5,645.30","5,585.40",,0.68%
3/9/10,"5,602.30","5,606.70","5,618.40","5,563.10",,-0.08%
3/8/10,"5,606.70","5,599.80","5,621.10","5,579.20",,0.12%
3/5/10,"5,599.80","5,527.20","5,605.40","5,527.20",,1.31%
3/4/10,"5,527.20","5,533.20","5,544.20","5,501.10",,-0.11%
3/3/10,"5,533.20","5,484.10","5,541.80","5,465.30",,0.90%
3/2/10,"5,484.10","5,405.90","5,485.00","5,403.70",,1.45%
3/1/10,"5,405.90","5,354.50","5,420.80","5,354.50",,0.96%
02/26/2010,"5,354.50","5,278.20","5,367.80","5,278.20",,1.45%
02/25/2010,"5,278.20","5,342.90","5,370.40","5,259.70",,-1.21%
02/24/2010,"5,342.90","5,315.10","5,357.90","5,298.20",,0.52%
02/23/2010,"5,315.10","5,352.10","5,395.50","5,302.00",,-0.69%
02/22/2010,"5,352.10","5,358.20","5,387.00","5,348.10",,-0.11%
02/19/2010,"5,358.20","5,325.10","5,366.10","5,281.40",,0.62%
02/18/2010,"5,325.10","5,276.60","5,326.40","5,261.70",,0.92%
02/17/2010,"5,276.60","5,244.10","5,304.50","5,244.10",,0.62%
02/16/2010,"5,244.10","5,167.50","5,248.10","5,167.50",,1.48%
02/15/2010,"5,167.50","5,142.50","5,194.30","5,142.50",,0.49%
2/12/10,"5,142.50","5,161.50","5,207.70","5,117.40",,-0.37%
2/11/10,"5,161.50","5,132.00","5,201.80","5,114.50",,0.57%
2/10/10,"5,132.00","5,111.80","5,181.20","5,105.30",,0.40%
2/9/10,"5,111.80","5,092.30","5,132.90","5,084.80",,0.38%
2/8/10,"5,092.30","5,060.90","5,118.10","5,033.00",,0.62%
2/5/10,"5,060.90","5,139.30","5,139.30","5,033.80",,-1.53%
2/4/10,"5,139.30","5,253.10","5,262.20","5,123.90",,-2.17%
2/3/10,"5,253.10","5,283.30","5,305.40","5,237.70",,-0.57%
2/2/10,"5,283.30","5,247.40","5,289.00","5,208.20",,0.68%
2/1/10,"5,247.40","5,188.50","5,250.10","5,163.60",,1.14%
01/29/2010,"5,188.50","5,145.70","5,230.20","5,145.70",,0.83%
01/28/2010,"5,145.70","5,217.50","5,280.40","5,145.70",,-1.38%
01/27/2010,"5,217.50","5,276.90","5,276.90","5,192.60",,-1.13%
01/26/2010,"5,276.90","5,260.30","5,276.90","5,215.70",,0.32%
01/25/2010,"5,260.30","5,303.00","5,330.60","5,252.90",,-0.81%
01/22/2010,"5,303.00","5,335.10","5,345.60","5,253.00",,-0.60%
01/21/2010,"5,335.10","5,420.80","5,468.40","5,331.60",,-1.58%
01/20/2010,"5,420.80","5,513.10","5,513.10","5,404.00",,-1.67%
01/19/2010,"5,513.10","5,494.40","5,531.90","5,431.30",,0.34%
01/18/2010,"5,494.40","5,455.40","5,504.00","5,454.30",,0.71%
01/15/2010,"5,455.40","5,498.20","5,527.00","5,450.40",,-0.78%
01/14/2010,"5,498.20","5,473.50","5,521.90","5,473.50",,0.45%
01/13/2010,"5,473.50","5,498.70","5,509.70","5,450.90",,-0.46%
1/12/10,"5,498.70","5,538.10","5,549.60","5,459.90",,-0.71%
1/11/10,"5,538.10","5,534.20","5,600.50","5,527.90",,0.07%
1/8/10,"5,534.20","5,526.70","5,549.30","5,494.80",,0.14%
1/7/10,"5,526.70","5,530.00","5,551.70","5,499.80",,-0.06%
1/6/10,"5,530.00","5,522.50","5,536.50","5,497.60",,0.14%
1/5/10,"5,522.50","5,500.30","5,536.40","5,480.70",,0.40%
1/4/10,"5,500.30","5,412.90","5,500.30","5,410.80",,1.61%
12/31/2009,"5,412.90","5,397.90","5,431.90","5,390.40",,0.28%
12/30/2009,"5,397.90","5,437.60","5,442.80","5,390.60",,-0.73%
12/29/2009,"5,437.60","5,402.40","5,445.20","5,402.40",,0.65%
12/24/2009,"5,402.40","5,372.40","5,402.40","5,367.80",,0.56%
12/23/2009,"5,372.40","5,328.70","5,386.60","5,328.70",,0.82%
12/22/2009,"5,328.70","5,294.00","5,361.90","5,294.00",,0.66%
12/21/2009,"5,294.00","5,196.80","5,320.00","5,196.80",,1.87%
12/18/2009,"5,196.80","5,217.60","5,287.60","5,196.80",,-0.40%
12/17/2009,"5,217.60","5,320.30","5,320.30","5,217.60",,-1.93%
12/16/2009,"5,320.30","5,285.80","5,335.30","5,283.90",,0.65%
12/15/2009,"5,285.80","5,315.30","5,328.10","5,250.80",,-0.56%
12/14/2009,"5,315.30","5,261.60","5,331.00","5,261.60",,1.02%
12/11/09,"5,261.60","5,244.40","5,312.00","5,244.40",,0.33%
12/10/09,"5,244.40","5,203.90","5,254.50","5,194.50",,0.78%
12/9/09,"5,203.90","5,223.10","5,245.90","5,175.70",,-0.37%
12/8/09,"5,223.10","5,310.70","5,323.40","5,206.40",,-1.65%
12/7/09,"5,310.70","5,322.40","5,328.80","5,251.00",,-0.22%
12/4/09,"5,322.40","5,313.00","5,373.90","5,272.80",,0.18%
12/3/09,"5,313.00","5,327.40","5,372.40","5,311.90",,-0.27%
12/2/09,"5,327.40","5,312.20","5,348.50","5,283.00",,0.29%
12/1/09,"5,312.20","5,190.70","5,312.20","5,190.70",,2.34%