InvoiceDate,Quantity,total price,Unemployment Rate,Retail Spending Monthly,Average Wage,FTSE Price,Holiday,Saturday
2009-12-07,16687,40101.91,7.699999999999999,35244288.0,102.8,5310.7,0,0
2009-12-08,25089,46380.4,7.7,35244288.0,102.8,5223.1,0,0
2009-12-09,17622,38335.43,7.700000000000001,35244288.0,102.8,5203.9,0,0
2009-12-10,23041,43538.34,7.700000000000001,35244288.0,102.8,5244.4,0,0
2009-12-11,21394,39659.6,7.700000000000001,35244288.0,102.79999999999998,5261.6,0,0
2009-12-13,11269,19698.25,7.700000000000001,35244288.0,102.79999999999998,5297.400000000001,0,0
2009-12-14,42637,68318.49,7.7,35244288.0,102.8,5315.3,0,0
2009-12-15,26157,47799.04,7.7,35244288.0,102.8,5285.8,0,0
2009-12-16,24091,50955.18,7.7,35244288.0,102.8,5320.3,0,0
2009-12-17,14868,27894.18,7.7,35244288.0,102.8,5217.6,0,0
2009-12-18,8870,28863.5,7.7,35244288.0,102.8,5196.8,0,0
2009-12-20,5366,10145.02,7.7,35244288.0,102.8,5261.6,0,0
2009-12-21,3878,8314.98,7.699999999999999,35244288.0,102.8,5294.0,0,0
2009-12-22,26846,27454.92,7.7,35244288.0,102.8,5328.7,0,0
2009-12-23,2486,5722.04,7.7,35244288.0,102.8,5372.4,0,0
2010-01-04,11008,13481.25,7.9,19691654.0,100.6,5500.3,0,0
2010-01-05,11421,19199.29,7.9,19691654.0,100.6,5522.5,0,0
2010-01-06,7496,8746.18,7.899999999999999,19691654.0,100.6,5530.0,0,0
2010-01-07,12741,24283.22,7.900000000000001,19691654.0,100.59999999999998,5526.7,0,0
2010-01-08,10470,24272.18,7.9,19691654.0,100.6,5534.2,0,0
2010-01-10,13121,22928.36,7.9,19691654.0,100.6,5536.8,0,0
2010-01-11,13526,32769.94,7.9,19691654.0,100.6,5538.1,0,0
2010-01-12,20420,38480.97,7.9,19691654.0,100.6,5498.7,0,0
2010-01-13,8042,19349.91,7.9,19691654.0,100.6,5473.5,0,0
2010-01-14,13083,30141.53,7.9,19691654.0,100.6,5498.2,0,0
2010-01-15,7696,11241.84,7.9,19691654.0,100.6,5455.4,0,0
2010-01-17,10041,17578.24,7.9,19691654.0,100.6,5481.4,0,0
2010-01-18,10230,20612.81,7.9,19691654.0,100.6,5494.4,0,0
2010-01-19,13855,29744.371,7.9,19691654.0,100.6,5513.1,0,0
2010-01-20,9130,16052.74,7.900000000000001,19691654.0,100.6,5420.8,0,0
2010-01-21,7483,14305.43,7.9,19691654.0,100.6,5335.1,0,0
2010-01-22,8571,20089.79,7.9,19691654.0,100.6,5303.0,0,0
2010-01-24,8561,15512.71,7.9,19691654.0,100.6,5274.533333333334,0,0
2010-01-25,9555,20986.15,7.9,19691654.0,100.6,5260.3,0,0
2010-01-26,8702,22862.47,7.9,19691654.0,100.6,5276.9,0,0
2010-01-27,16665,26719.2,7.899999999999999,19691654.0,100.6,5217.5,0,0
2010-01-28,11014,18831.0,7.9,19691654.0,100.6,5145.7,0,0
2010-01-29,10257,28307.481,7.900000000000001,19691654.0,100.6,5188.5,0,0
2010-01-31,9022,15300.6,7.9,19691654.0,100.6,5227.766666666666,0,0
2010-02-01,7782,16315.821,8.0,20335561.0,103.0,5247.4,0,0
2010-02-02,9677,17967.08,8.0,20335561.0,103.0,5283.3,0,0
2010-02-03,9356,19500.651,8.0,20335561.0,103.0,5253.1,0,0
2010-02-04,12460,21786.17,8.0,20335561.0,103.0,5139.3,0,0
2010-02-05,10293,21578.01,8.0,20335561.0,103.0,5060.9,0,0
2010-02-07,5395,8205.03,8.0,20335561.0,103.0,5081.833333333333,0,0
2010-02-08,6862,13719.94,8.0,20335561.0,103.0,5092.3,0,0
2010-02-09,7141,13648.36,8.0,20335561.0,103.0,5111.8,0,0
2010-02-10,3558,9156.21,8.0,20335561.0,103.0,5132.0,0,0
2010-02-11,8188,13055.67,8.0,20335561.0,103.0,5161.5,0,0
2010-02-12,7200,10161.09,8.0,20335561.0,103.0,5142.5,0,0
2010-02-14,9600,16370.34,8.0,20335561.0,103.0,5159.166666666667,0,0
2010-02-15,11850,21190.171,8.0,20335561.0,103.0,5167.5,0,0
2010-02-16,15326,29071.91,8.0,20335561.0,103.0,5244.1,0,0
2010-02-17,14426,20825.89,8.0,20335561.0,103.0,5276.6,0,0
2010-02-18,15362,20643.52,8.0,20335561.0,103.0,5325.1,0,0
2010-02-19,12622,27254.86,8.0,20335561.0,103.0,5358.2,0,0
2010-02-21,5156,10288.551,8.0,20335561.0,103.0,5354.133333333333,0,0
2010-02-22,12354,23846.36,8.0,20335561.0,103.0,5352.1,0,0
2010-02-23,11703,20998.99,8.0,20335561.0,103.0,5315.1,0,0
2010-02-24,13313,21802.551,8.0,20335561.0,103.0,5342.9,0,0
2010-02-25,25914,45521.16,8.0,20335561.0,103.0,5278.2,0,0
2010-02-26,9891,15784.611,8.0,20335561.0,103.0,5354.5,0,0
2010-02-28,8179,16069.77,8.0,20335561.0,103.0,5388.766666666666,0,0
2010-03-01,21268,24444.16,8.0,26610570.0,103.5,5405.9,0,0
2010-03-02,9015,21690.32,8.0,26610570.0,103.5,5484.1,0,0
2010-03-03,13424,23418.59,8.0,26610570.0,103.5,5533.2,0,0
2010-03-04,17653,30039.41,8.0,26610570.0,103.5,5527.2,0,0
2010-03-05,13767,23670.17,8.0,26610570.0,103.5,5599.8,0,0
2010-03-07,9693,17677.38,8.0,26610570.0,103.5,5604.4,0,0
2010-03-08,14424,34742.6,8.0,26610570.0,103.5,5606.7,0,0
2010-03-09,11824,19972.86,8.0,26610570.0,103.5,5602.3,0,0
2010-03-10,17507,25931.18,8.0,26610570.0,103.5,5640.6,0,0
2010-03-11,12724,21166.65,8.0,26610570.0,103.5,5617.3,0,0
2010-03-12,6195,12217.43,8.0,26610570.0,103.5,5625.6,0,0
2010-03-14,3530,7063.72,8.0,26610570.0,103.5,5604.466666666666,0,0
2010-03-15,13633,24574.781,8.0,26610570.0,103.5,5593.9,0,0
2010-03-16,12180,22768.53,8.0,26610570.0,103.5,5620.4,0,0
2010-03-17,13346,20679.86,8.0,26610570.0,103.5,5644.6,0,0
2010-03-18,19046,36252.97,8.0,26610570.0,103.5,5642.6,0,0
2010-03-19,12544,29664.86,8.0,26610570.0,103.5,5650.1,0,0
2010-03-21,11959,19574.53,8.0,26610570.0,103.5,5646.366666666667,0,0
2010-03-22,11883,23842.09,8.0,26610570.0,103.5,5644.5,0,0
2010-03-23,54005,54921.97,8.0,26610570.0,103.5,5673.6,0,0
2010-03-24,11205,23796.96,8.0,26610570.0,103.5,5677.9,0,0
2010-03-25,15063,34618.72,8.0,26610570.0,103.5,5727.600000000001,0,0
2010-03-26,13501,20503.32,8.0,26610570.0,103.5,5703.0,0,0
2010-03-28,14594,22562.62,8.0,26610570.0,103.5,5708.133333333333,0,0
2010-03-29,25188,59881.68,8.0,26610570.0,103.5,5710.7,0,0
2010-03-30,17695,36134.52,8.0,26610570.0,103.5,5672.3,0,0
2010-03-31,13695,29718.33,8.0,26610570.0,103.5,5679.6,0,0
2010-04-01,13245,24588.02,7.9,21439876.0,102.3,5744.9,0,0
2010-04-06,12918,19224.0,7.9,21439876.0,102.3,5780.4,0,0
2010-04-07,14497,25094.48,7.900000000000001,21439876.0,102.3,5762.1,0,0
2010-04-08,26016,46716.0,7.9,21439876.0,102.3,5712.7,0,0
2010-04-09,7304,13404.29,7.900000000000001,21439876.0,102.3,5771.0,0,0
2010-04-11,9008,15811.37,7.9,21439876.0,102.3,5775.400000000001,0,0
2010-04-12,10419,22181.93,7.9,21439876.0,102.29999999999998,5777.6,0,0
2010-04-13,19255,15844.26,7.9,21439876.0,102.3,5761.7,0,0
2010-04-14,14966,24020.25,7.9,21439876.0,102.3,5796.3,0,0
2010-04-15,10337,28949.27,7.9,21439876.0,102.3,5825.0,0,0
2010-04-16,8727,13862.68,7.9,21439876.0,102.3,5744.0,0,0
2010-04-18,8028,17838.56,7.9,21439876.0,102.3,5733.266666666667,0,0
2010-04-19,18652,41852.03,7.899999999999999,21439876.0,102.3,5727.900000000001,0,0
2010-04-20,12518,27282.4,7.9,21439876.0,102.3,5783.7,0,0
2010-04-21,8813,17806.54,7.9,21439876.0,102.3,5723.4,0,0
2010-04-22,18484,38681.84,7.9,21439876.0,102.3,5665.3,0,0
2010-04-23,10080,16245.16,7.9,21439876.0,102.3,5723.6,0,0
2010-04-25,7824,15126.07,7.9,21439876.0,102.3,5743.8,0,0
2010-04-26,17625,31830.25,7.9,21439876.0,102.3,5753.9,0,0
2010-04-27,23047,44890.88,7.9,21439876.0,102.29999999999998,5603.5,0,0
2010-04-28,17442,29109.68,7.900000000000001,21439876.0,102.3,5586.600000000001,0,0
2010-04-29,15254,28779.521,7.9,21439876.0,102.3,5617.8,0,0
2010-04-30,19078,25470.25,7.899999999999999,21439876.0,102.3,5553.3,0,0
2010-05-02,5514,10903.91,7.9,21931088.0,102.4,5482.200000000001,0,0
2010-05-04,8852,18373.1,7.9,21931088.0,102.4,5411.1,0,0
2010-05-05,14944,26527.75,7.9,21931088.0,102.4,5341.9,0,0
2010-05-06,11447,21031.67,7.899999999999999,21931088.0,102.4,5261.0,0,0
2010-05-07,26496,34939.24,7.900000000000001,21931088.0,102.40000000000002,5123.0,0,0
2010-05-09,9741,18209.92,7.9,21931088.0,102.4,5299.266666666666,0,0
2010-05-10,26902,29497.29,7.9,21931088.0,102.4,5387.4,0,0
2010-05-11,16721,25416.12,7.9,21931088.0,102.4,5334.2,0,0
2010-05-12,15171,25919.55,7.899999999999999,21931088.0,102.4,5383.5,0,0
2010-05-13,25227,37337.45,7.9,21931088.0,102.4,5433.7,0,0
2010-05-14,15075,18895.91,7.9,21931088.0,102.4,5262.9,0,0
2010-05-16,9194,15780.29,7.9,21931088.0,102.4,5262.633333333333,0,0
2010-05-17,15304,23727.47,7.900000000000001,21931088.0,102.40000000000002,5262.5,0,0
2010-05-18,24491,27985.21,7.9,21931088.0,102.4,5307.3,0,0
2010-05-19,9713,17048.28,7.900000000000001,21931088.0,102.4,5158.1,0,0
2010-05-20,15357,24433.99,7.9,21931088.0,102.4,5073.1,0,0
2010-05-21,8111,20635.14,7.9,21931088.0,102.4,5062.9,0,0
2010-05-23,9394,17726.69,7.900000000000001,21931088.0,102.4,5067.366666666667,0,0
2010-05-24,33092,33507.0,7.9,21931088.0,102.4,5069.6,0,0
2010-05-25,13976,19908.27,7.9,21931088.0,102.4,4940.7,0,0
2010-05-26,15597,29614.23,7.9,21931088.0,102.4,5038.1,0,0
2010-05-27,17973,30673.23,7.9,21931088.0,102.4,5195.2,0,0
2010-05-28,12297,21281.14,7.899999999999999,21931088.0,102.4,5188.4,0,0
2010-05-30,6271,10814.96,7.9,21931088.0,102.4,5175.85,0,0
2010-06-01,8142,15283.25,7.8,27600092.0,102.3,5163.3,0,0
2010-06-02,11775,15847.09,7.8,27600092.0,102.3,5151.3,0,0
2010-06-03,12306,21768.49,7.8,27600092.0,102.3,5211.2,0,0
2010-06-04,8340,20395.35,7.8,27600092.0,102.3,5126.0,0,0
2010-06-06,13092,24030.81,7.8,27600092.0,102.3,5088.066666666667,0,0
2010-06-07,28100,47185.96,7.800000000000001,27600092.0,102.3,5069.1,0,0
2010-06-08,25596,52443.48,7.8,27600092.0,102.3,5028.1,0,0
2010-06-09,23877,35722.64,7.8,27600092.0,102.3,5085.9,0,0
2010-06-10,9155,17449.670000000002,7.8,27600092.0,102.3,5132.5,0,0
2010-06-11,19014,31669.72,7.8,27600092.0,102.3,5163.7,0,0
2010-06-13,10686,20623.42,7.8,27600092.0,102.3,5189.3,0,0
2010-06-14,13778,19146.0,7.799999999999999,27600092.0,102.29999999999998,5202.1,0,0
2010-06-15,12908,19870.26,7.799999999999999,27600092.0,102.29999999999998,5217.8,0,0
2010-06-16,17843,29756.77,7.8,27600092.0,102.3,5237.899999999999,0,0
2010-06-17,11726,55266.51,7.8,27600092.0,102.3,5253.9,0,0
2010-06-18,6208,13608.09,7.799999999999999,27600092.0,102.29999999999998,5250.800000000001,0,0
2010-06-20,3426,7372.29,7.8,27600092.0,102.3,5283.000000000001,0,0
2010-06-21,10190,19202.87,7.8,27600092.0,102.3,5299.1,0,0
2010-06-22,6237,12736.23,7.8,27600092.0,102.3,5247.0,0,0
2010-06-23,14751,24200.85,7.799999999999999,27600092.0,102.3,5178.5,0,0
2010-06-24,10214,20594.26,7.8,27600092.0,102.3,5100.2,0,0
2010-06-25,7882,16418.83,7.799999999999999,27600092.0,102.3,5046.5,0,0
2010-06-27,10918,18834.32,7.799999999999999,27600092.0,102.3,5063.3,0,0
2010-06-28,22291,34168.21,7.799999999999999,27600092.0,102.29999999999998,5071.7,0,0
2010-06-29,20016,30252.18,7.8,27600092.0,102.3,4914.2,0,0
2010-06-30,17519,28564.94,7.8,27600092.0,102.3,4916.9,0,0
2010-07-01,14157,25523.59,7.8,22250933.0,102.1,4805.8,0,0
2010-07-02,6092,11788.64,7.8,22250933.0,102.1,4838.1,0,0
2010-07-04,5345,10493.66,7.8,22250933.0,102.1,4828.366666666667,0,0
2010-07-05,15351,29979.33,7.8,22250933.0,102.09999999999998,4823.5,0,0
2010-07-06,10903,20327.8,7.8,22250933.0,102.1,4965.0,0,0
2010-07-07,12013,27234.88,7.799999999999999,22250933.0,102.1,5014.8,0,0
2010-07-08,9987,17291.4,7.800000000000001,22250933.0,102.1,5105.5,0,0
2010-07-09,5477,17170.27,7.8,22250933.0,102.09999999999998,5132.9,0,0
2010-07-11,5848,7856.43,7.8,22250933.0,102.1,5155.633333333333,0,0
2010-07-12,9117,18181.93,7.799999999999999,22250933.0,102.1,5167.0,0,0
2010-07-13,8259,17747.58,7.8,22250933.0,102.1,5271.0,0,0
2010-07-14,11866,18965.32,7.799999999999999,22250933.0,102.1,5253.5,0,0
2010-07-15,26933,54532.83,7.8,22250933.0,102.1,5211.3,0,0
2010-07-16,29001,17633.64,7.799999999999999,22250933.0,102.1,5158.9,0,0
2010-07-18,8253,13134.89,7.8,22250933.0,102.1,5151.82,0,0
2010-07-19,13590,24288.46,7.8,22250933.0,102.1,5148.28,0,0
2010-07-20,11222,22996.07,7.799999999999999,22250933.0,102.1,5139.46,0,0
2010-07-21,12119,21004.89,7.8,22250933.0,102.1,5214.64,0,0
2010-07-22,13658,26312.23,7.8,22250933.0,102.1,5313.81,0,0
2010-07-23,11845,23209.49,7.8,22250933.0,102.1,5312.62,0,0
2010-07-25,11260,16580.81,7.8,22250933.0,102.1,5338.286666666667,0,0
2010-07-26,13761,22407.44,7.8,22250933.0,102.1,5351.12,0,0
2010-07-27,13067,26149.48,7.8,22250933.0,102.09999999999998,5365.67,0,0
2010-07-28,12054,20484.64,7.8,22250933.0,102.1,5339.81,0,0
2010-07-29,13806,33706.23,7.8,22250933.0,102.1,5313.95,0,0
2010-07-30,7991,14440.61,7.8,22250933.0,102.1,5258.02,0,0
2010-08-01,9740,30724.29,7.8,21748078.0,102.3,5350.746666666667,0,0
2010-08-02,11987,28623.7,7.8,21748078.0,102.3,5397.11,0,0
2010-08-03,15292,24582.32,7.8,21748078.0,102.3,5396.48,0,0
2010-08-04,10865,19735.71,7.799999999999999,21748078.0,102.29999999999998,5386.16,0,0
2010-08-05,61974,23045.52,7.799999999999999,21748078.0,102.3,5365.78,0,0
2010-08-06,9463,14229.05,7.8,21748078.0,102.3,5332.39,0,0
2010-08-08,7697,13395.54,7.8,21748078.0,102.3,5384.476666666667,0,0
2010-08-09,11963,17651.46,7.8,21748078.0,102.3,5410.52,0,0
2010-08-10,7777,17675.3,7.8,21748078.0,102.3,5376.410000000001,0,0
2010-08-11,7951,21091.77,7.8,21748078.0,102.3,5245.21,0,0
2010-08-12,18728,28199.64,7.8,21748078.0,102.3,5266.06,0,0
2010-08-13,17603,36236.4,7.8,21748078.0,102.3,5275.44,0,0
2010-08-15,16224,19925.02,7.8,21748078.0,102.3,5275.88,0,0
2010-08-16,11209,18232.09,7.8,21748078.0,102.3,5276.1,0,0
2010-08-17,13693,23812.0,7.8,21748078.0,102.3,5350.55,0,0
2010-08-18,14139,23638.78,7.8,21748078.0,102.3,5302.87,0,0
2010-08-19,18656,26863.66,7.800000000000001,21748078.0,102.3,5211.29,0,0
2010-08-20,16059,21213.47,7.799999999999999,21748078.0,102.3,5195.28,0,0
2010-08-22,12719,20912.39,7.800000000000001,21748078.0,102.3,5221.653333333334,0,0
2010-08-23,10583,18161.3,7.8,21748078.0,102.3,5234.84,0,0
2010-08-24,18107,25998.43,7.8,21748078.0,102.3,5155.95,0,0
2010-08-25,16623,29676.8,7.8,21748078.0,102.3,5117.24,0,0
2010-08-26,15804,32151.74,7.799999999999999,21748078.0,102.29999999999998,5155.84,0,0
2010-08-27,6453,16304.58,7.8,21748078.0,102.3,5201.56,0,0
2010-08-29,8790,14509.78,7.8,21748078.0,102.3,5213.39,0,0
2010-08-31,12182,29959.61,7.799999999999999,21748078.0,102.29999999999998,5225.22,0,0
2010-09-01,6288,14421.61,7.9,27058124.0,102.6,5366.41,0,0
2010-09-02,15623,25227.02,7.9,27058124.0,102.6,5371.04,0,0
2010-09-03,30412,35478.98,7.9,27058124.0,102.6,5428.15,0,0
2010-09-05,6190,10370.57,7.9,27058124.0,102.6,5435.509999999999,0,0
2010-09-06,9664,19538.06,7.899999999999999,27058124.0,102.6,5439.19,0,0
2010-09-07,14224,24360.01,7.9,27058124.0,102.6,5407.82,0,0
2010-09-08,8908,14951.21,7.9,27058124.0,102.6,5429.74,0,0
2010-09-09,9277,17960.4,7.900000000000001,27058124.0,102.59999999999998,5494.16,0,0
2010-09-10,9961,16606.3,7.9,27058124.0,102.6,5501.64,0,0
2010-09-12,7655,13810.89,7.9,27058124.0,102.6,5544.233333333334,0,0
2010-09-13,26824,35602.93,7.9,27058124.0,102.6,5565.53,0,0
2010-09-14,9925,18133.14,7.900000000000001,27058124.0,102.6,5567.41,0,0
2010-09-15,16995,20132.09,7.9,27058124.0,102.6,5557.07,0,0
2010-09-16,11887,35370.221,7.9,27058124.0,102.6,5540.14,0,0
2010-09-17,10105,18690.95,7.9,27058124.0,102.6,5508.45,0,0
2010-09-19,12580,21035.88,7.9,27058124.0,102.6,5571.176666666666,0,0
2010-09-20,22657,38823.15,7.9,27058124.0,102.6,5602.54,0,0
2010-09-21,33363,55905.14,7.9,27058124.0,102.6,5576.19,0,0
2010-09-22,13339,27352.18,7.9,27058124.0,102.6,5562.02,0,0
2010-09-23,21074,33141.85,7.9,27058124.0,102.6,5547.08,0,0
2010-09-24,12269,24941.2,7.899999999999999,27058124.0,102.6,5598.48,0,0
2010-09-26,13431,21667.87,7.9,27058124.0,102.6,5581.7733333333335,0,0
2010-09-27,119241,106392.04,7.9,27058124.0,102.6,5573.42,0,0
2010-09-28,21572,42277.7,7.9,27058124.0,102.6,5578.44,0,0
2010-09-29,20414,35832.59,7.9,27058124.0,102.6,5569.27,0,0
2010-09-30,21025,45049.52,7.900000000000001,27058124.0,102.59999999999998,5548.62,0,0
2010-10-01,17713,31821.58,7.900000000000001,22725458.0,102.40000000000002,5592.899999999999,0,0
2010-10-03,13271,25983.73,7.9,22725458.0,102.4,5568.28,0,0
2010-10-04,21416,35606.08,7.9,22725458.0,102.4,5555.97,0,0
2010-10-05,33616,80129.19,7.900000000000001,22725458.0,102.4,5635.76,0,0
2010-10-06,20626,27896.59,7.900000000000001,22725458.0,102.4,5681.39,0,0
2010-10-07,28029,50639.68,7.9,22725458.0,102.4,5662.13,0,0
2010-10-08,35285,52031.15,7.9,22725458.0,102.4,5657.61,0,0
2010-10-10,10827,20856.45,7.9,22725458.0,102.4,5667.469999999999,0,0
2010-10-11,19487,35232.56,7.900000000000001,22725458.0,102.4,5672.4,0,0
2010-10-12,27444,46586.15,7.9,22725458.0,102.4,5661.59,0,0
2010-10-13,24235,40214.11,7.9,22725458.0,102.4,5747.35,0,0
2010-10-14,28204,74570.09,7.9,22725458.0,102.4,5727.209999999999,0,0
2010-10-15,18286,46758.72,7.9,22725458.0,102.4,5703.37,0,0
2010-10-17,18464,31444.71,7.900000000000001,22725458.0,102.40000000000002,5729.47,0,0
2010-10-18,17917,37301.16,7.900000000000001,22725458.0,102.40000000000002,5742.52,0,0
2010-10-19,23141,41580.34,7.9,22725458.0,102.4,5703.89,0,0
2010-10-20,23079,44003.09,7.9,22725458.0,102.4,5728.93,0,0
2010-10-21,14543,30195.01,7.9,22725458.0,102.4,5757.86,0,0
2010-10-22,20681,35590.55,7.9,22725458.0,102.4,5741.37,0,0
2010-10-24,14785,27585.61,7.899999999999999,22725458.0,102.4,5748.443333333333,0,0
2010-10-25,13620,26899.3,7.9,22725458.0,102.4,5751.98,0,0
2010-10-26,20235,34445.33,7.9,22725458.0,102.4,5707.3,0,0
2010-10-27,11934,24321.57,7.9,22725458.0,102.4,5646.02,0,0
2010-10-28,12170,26799.81,7.899999999999999,22725458.0,102.4,5677.89,0,0
2010-10-29,22545,42670.5,7.900000000000001,22725458.0,102.40000000000002,5675.16,0,0
2010-10-31,15839,29245.82,7.9,22725458.0,102.4,5688.133333333333,0,0
2010-11-01,13591,26656.85,7.900000000000001,25025523.0,102.2,5694.62,0,0
2010-11-02,22745,40454.86,7.899999999999999,25025523.0,102.2,5757.43,0,0
2010-11-03,14897,27323.86,7.9,25025523.0,102.2,5748.97,0,0
2010-11-04,55522,82729.38,7.9,25025523.0,102.20000000000002,5862.79,0,0
2010-11-05,16683,34115.62,7.9,25025523.0,102.20000000000002,5875.35,0,0
2010-11-07,17373,29786.84,7.900000000000001,25025523.0,102.2,5858.423333333333,0,0
2010-11-08,30240,85117.491,7.9,25025523.0,102.2,5849.96,0,0
2010-11-09,31489,57743.17,7.9,25025523.0,102.2,5875.19,0,0
2010-11-10,32686,74204.11,7.9,25025523.0,102.20000000000002,5816.94,0,0
2010-11-11,33038,60313.17,7.9,25025523.0,102.20000000000002,5815.23,0,0
2010-11-12,20161,45026.65,7.9,25025523.0,102.2,5796.87,0,0
2010-11-14,16531,27576.95,7.9,25025523.0,102.2,5812.5633333333335,0,0
2010-11-15,34655,98112.07,7.9,25025523.0,102.2,5820.41,0,0
2010-11-16,30129,50162.25,7.9,25025523.0,102.2,5690.8,0,0
2010-11-17,22718,42682.451,7.9,25025523.0,102.2,5692.56,0,0
2010-11-18,19130,40517.8,7.9,25025523.0,102.2,5768.71,0,0
2010-11-19,20089,37441.24,7.900000000000001,25025523.0,102.2,5732.83,0,0
2010-11-21,17100,29944.72,7.9,25025523.0,102.2,5698.163333333333,0,0
2010-11-22,17479,39161.39,7.9,25025523.0,102.2,5680.83,0,0
2010-11-23,24969,54838.0,7.9,25025523.0,102.2,5581.279999999999,0,0
2010-11-24,27544,60213.91,7.9,25025523.0,102.2,5657.1,0,0
2010-11-25,37589,70452.8,7.9,25025523.0,102.2,5698.93,0,0
2010-11-26,14124,32526.46,7.9,25025523.0,102.2,5668.7,0,0
2010-11-28,15216,24887.75,7.9,25025523.0,102.2,5602.719999999999,0,0
2010-11-29,22759,52758.92,7.9,25025523.0,102.2,5569.73,0,0
2010-11-30,21391,50832.43,7.900000000000001,25025523.0,102.2,5528.27,0,0
2010-12-01,48204,109636.16,7.9,35931168.0,101.2,5642.5,0,0
2010-12-02,62388,95141.06,7.9,35931168.0,101.2,5767.56,0,0
2010-12-03,24160,82617.38,7.9,35931168.0,101.2,5756.66,0,0
2010-12-05,27320,51706.4,7.899999999999999,35931168.0,101.2,5765.74,0,0
2010-12-06,42390,106644.24,7.9,35931168.0,101.2,5770.28,0,0
2010-12-07,48278,91352.35714285714,7.899999999999999,35931168.0,101.2,5808.45,0,0
2010-12-08,40934,82709.12,7.9,35931168.0,101.2,5794.53,0,0
2010-12-09,33646,87987.26,7.9,35931168.0,101.2,5807.96,0,0
2010-12-10,19131,54282.61,7.9,35931168.0,101.2,5812.95,0,0
2010-12-12,8194,13738.48,7.899999999999999,35931168.0,101.2,5844.816666666667,0,0
2010-12-13,17425,37113.25,7.9,35931168.0,101.2,5860.75,0,0
2010-12-14,19610,42475.91,7.9,35931168.0,101.2,5891.21,0,0
2010-12-15,18359,30248.73,7.9,35931168.0,101.2,5882.18,0,0
2010-12-16,28332,47748.09,7.9,35931168.0,101.2,5881.119999999999,0,0
2010-12-17,9713,34357.25,7.9,35931168.0,101.20000000000002,5871.75,0,0
2010-12-19,3307,6653.94,7.9,35931168.0,101.2,5886.650000000001,0,0
2010-12-20,14122,23507.76,7.9,35931168.0,101.2,5894.1,0,0
2010-12-21,8291,37177.96,7.9,35931168.0,101.2,5951.8,0,0
2010-12-22,2371,5488.85,7.9,35931168.0,101.2,5983.49,0,0
2010-12-23,4711,10394.71,7.9,35931168.0,101.2,5996.07,0,0
2011-01-04,8385,15478.52,7.800000000000001,20853905.0,102.0,6013.87,0,0
2011-01-05,19071,31243.29,7.8,20853905.0,102.0,6043.859999999999,0,0
2011-01-06,17933,32429.45,7.8,20853905.0,102.0,6019.51,0,0
2011-01-07,13276,22656.7,7.8,20853905.0,102.0,5984.33,0,0
2011-01-09,7398,14306.04,7.8,20853905.0,102.0,5965.643333333333,0,0
2011-01-10,10982,20471.39,7.8,20853905.0,102.0,5956.3,0,0
2011-01-11,26662,61971.89,7.800000000000001,20853905.0,102.0,6014.03,0,0
2011-01-12,9110,21828.84,7.799999999999999,20853905.0,102.0,6050.72,0,0
2011-01-13,9327,18262.53,7.800000000000001,20853905.0,102.0,6023.88,0,0
2011-01-14,7361,17911.67,7.800000000000001,20853905.0,102.0,5988.12,0,0
2011-01-16,4204,7242.06,7.799999999999999,20853905.0,102.0,5986.506666666666,0,0
2011-01-17,12054,26239.46,7.8,20853905.0,102.0,5985.7,0,0
2011-01-18,81068,92427.28,7.8,20853905.0,102.0,6056.43,0,0
2011-01-19,8078,13440.73,7.8,20853905.0,102.0,5976.7,0,0
2011-01-20,8054,16354.84,7.8,20853905.0,102.0,5867.91,0,0
2011-01-21,9266,23577.42,7.799999999999999,20853905.0,102.0,5896.25,0,0
2011-01-23,5115,9885.75,7.8,20853905.0,102.0,5927.983333333334,0,0
2011-01-24,8944,17637.92,7.8,20853905.0,102.0,5943.85,0,0
2011-01-25,12667,24020.68,7.8,20853905.0,102.0,5917.71,0,0
2011-01-26,8814,16331.8,7.799999999999999,20853905.0,102.0,5977.63,0,0
2011-01-27,9724,18313.49,7.799999999999999,20853905.0,102.0,5965.08,0,0
2011-01-28,14317,15060.78,7.8,20853905.0,102.0,5881.37,0,0
2011-01-30,3431,6615.75,7.8,20853905.0,102.0,5869.083333333333,0,0
2011-01-31,10407,17581.7,7.799999999999999,20853905.0,102.0,5862.94,0,0
2011-02-01,14374,26034.69,7.8,20929335.0,101.4,5957.82,0,0
2011-02-02,8982,19996.05,7.799999999999999,20929335.0,101.4,5996.56,0,0
2011-02-03,16068,20148.58,7.8,20929335.0,101.4,5983.34,0,0
2011-02-04,13039,22619.76,7.8,20929335.0,101.4,5997.38,0,0
2011-02-06,2048,3457.11,7.799999999999999,20929335.0,101.4,6028.566666666667,0,0
2011-02-07,8570,23701.1,7.800000000000001,20929335.0,101.4,6044.16,0,0
2011-02-08,8713,19174.93,7.799999999999999,20929335.0,101.4,6091.33,0,0
2011-02-09,3444,9487.01,7.8,20929335.0,101.4,6052.29,0,0
2011-02-10,11227,14222.95,7.799999999999999,20929335.0,101.4,6020.01,0,0
2011-02-11,9648,20285.64,7.8,20929335.0,101.40000000000002,6062.899999999999,0,0
2011-02-13,2756,5713.63,7.8,20929335.0,101.4,6063.34,0,0
2011-02-14,10919,21444.91,7.8,20929335.0,101.4,6063.56,0,0
2011-02-15,10901,19450.01,7.800000000000001,20929335.0,101.4,6037.08,0,0
2011-02-16,13249,20870.72,7.8,20929335.0,101.4,6085.27,0,0
2011-02-17,13456,24166.77,7.799999999999999,20929335.0,101.4,6087.38,0,0
2011-02-18,8198,14663.05,7.8,20929335.0,101.4,6082.989999999999,0,0
2011-02-20,5353,9624.69,7.8,20929335.0,101.4,6037.53,0,0
2011-02-21,6962,13125.74,7.8,20929335.0,101.4,6014.8,0,0
2011-02-22,18962,29286.65,7.799999999999999,20929335.0,101.4,5996.76,0,0
2011-02-23,12536,24583.34,7.8,20929335.0,101.4,5923.53,0,0
2011-02-24,11115,21118.44,7.800000000000001,20929335.0,101.4,5919.98,0,0
2011-02-25,9703,18926.09,7.8,20929335.0,101.4,6001.2,0,0
2011-02-27,4582,9003.35,7.8,20929335.0,101.4,5996.406666666667,0,0
2011-02-28,8604,18922.74,7.799999999999999,20929335.0,101.4,5994.01,0,0
2011-03-01,8185,15392.06,7.7,26913513.0,102.0,5953.87,0,0
2011-03-02,8152,17846.65,7.7,26913513.0,102.0,5914.89,0,0
2011-03-03,8834,17802.68,7.7,26913513.0,102.0,6005.09,0,0
2011-03-04,12024,16663.77,7.7,26913513.0,102.0,5990.39,0,0
2011-03-06,5049,10005.37,7.700000000000001,26913513.0,102.0,5979.316666666667,0,0
2011-03-07,13694,31522.94,7.7,26913513.0,102.0,5973.78,0,0
2011-03-08,13025,22626.8,7.7,26913513.0,102.0,5961.82,0,0
2011-03-09,13557,19367.5,7.700000000000001,26913513.0,102.0,5937.3,0,0
2011-03-10,11249,17793.28,7.7,26913513.0,102.0,5845.290000000001,0,0
2011-03-11,9925,20400.57,7.700000000000001,26913513.0,102.0,5828.67,0,0
2011-03-13,2564,3804.83,7.7,26913513.0,102.0,5793.05,0,0
2011-03-14,10155,18699.08,7.7,26913513.0,102.0,5775.24,0,0
2011-03-15,7426,16636.81,7.700000000000001,26913513.0,102.0,5695.28,0,0
2011-03-16,12332,20165.91,7.7,26913513.0,102.0,5598.23,0,0
2011-03-17,18440,33042.96,7.7,26913513.0,102.0,5693.8,0,0
2011-03-18,12535,25037.15,7.700000000000001,26913513.0,102.0,5720.8,0,0
2011-03-20,13307,20640.24,7.700000000000001,26913513.0,102.0,5764.326666666667,0,0
2011-03-21,10082,16162.3,7.7,26913513.0,102.0,5786.09,0,0
2011-03-22,14918,28189.59,7.7,26913513.0,102.0,5762.71,0,0
2011-03-23,11490,19796.16,7.700000000000001,26913513.0,102.0,5795.88,0,0
2011-03-24,17402,33792.19,7.700000000000001,26913513.0,102.0,5880.87,0,0
2011-03-25,10840,24952.15,7.700000000000001,26913513.0,102.0,5900.76,0,0
2011-03-27,4469,9077.3,7.700000000000001,26913513.0,102.0,5903.246666666666,0,0
2011-03-28,10152,18868.34,7.7,26913513.0,102.0,5904.489999999999,0,0
2011-03-29,20396,51941.27,7.7,26913513.0,102.0,5932.17,0,0
2011-03-30,18959,28160.97,7.7,26913513.0,102.0,5948.3,0,0
2011-03-31,13255,27841.41,7.700000000000001,26913513.0,102.0,5938.66,0,0
2011-04-01,17377,23060.89,7.800000000000001,22894983.0,100.8,6009.92,0,0
2011-04-03,5679,6943.15,7.8,22894983.0,100.8,6014.626666666667,0,0
2011-04-04,12083,23321.44,7.8,22894983.0,100.8,6016.9800000000005,0,0
2011-04-05,11008,19933.31,7.8,22894983.0,100.8,6007.06,0,0
2011-04-06,8869,16406.37,7.8,22894983.0,100.8,6041.13,0,0
2011-04-07,8502,15773.18,7.8,22894983.0,100.8,6007.37,0,0
2011-04-08,11518,22110.83,7.799999999999999,22894983.0,100.8,6055.75,0,0
2011-04-10,5442,9437.49,7.8,22894983.0,100.8,6054.21,0,0
2011-04-11,11911,19781.65,7.8,22894983.0,100.8,6053.44,0,0
2011-04-12,14420,23680.09,7.799999999999999,22894983.0,100.8,5964.47,0,0
2011-04-13,18091,22985.13,7.8,22894983.0,100.8,6010.44,0,0
2011-04-14,17186,31325.31,7.8,22894983.0,100.8,5963.8,0,0
2011-04-15,11835,26037.061,7.8,22894983.0,100.8,5996.010000000001,0,0
2011-04-17,7630,11648.54,7.8,22894983.0,100.8,5912.056666666667,0,0
2011-04-18,24857,52584.65,7.8,22894983.0,100.8,5870.08,0,0
2011-04-19,12400,20717.49,7.799999999999999,22894983.0,100.79999999999998,5896.87,0,0
2011-04-20,17858,27532.67,7.8,22894983.0,100.8,6022.26,0,0
2011-04-21,16706,28795.39,7.8,22894983.0,100.8,6018.3,0,0
2011-04-26,15744,30014.71,7.8,22894983.0,100.8,6069.36,0,0
2011-04-27,17887,24046.74,7.8,22894983.0,100.8,6068.16,0,0
2011-04-28,12636,20381.67,7.800000000000001,22894983.0,100.8,6069.9,0,0
2011-05-01,3172,5879.33,7.9,22390571.0,100.9,6077.688,0,0
2011-05-03,11028,32241.86,7.899999999999999,22390571.0,100.9,6082.88,0,0
2011-05-04,15628,24807.06,7.9,22390571.0,100.9,5984.07,0,0
2011-05-05,15162,25437.97,7.900000000000001,22390571.0,100.90000000000002,5919.98,0,0
2011-05-06,18194,30941.56,7.9,22390571.0,100.9,5976.77,0,0
2011-05-08,9477,16912.44,7.9,22390571.0,100.9,5954.05,0,0
2011-05-09,12128,25903.0,7.9,22390571.0,100.9,5942.69,0,0
2011-05-10,17532,44389.8,7.9,22390571.0,100.9,6018.89,0,0
2011-05-11,16467,28944.92,7.9,22390571.0,100.9,5976.0,0,0
2011-05-12,15267,28587.44,7.9,22390571.0,100.9,5944.959999999999,0,0
2011-05-13,12413,25550.63,7.9,22390571.0,100.9,5925.87,0,0
2011-05-15,4618,9169.1,7.9,22390571.0,100.9,5924.416666666666,0,0
2011-05-16,13463,34279.3,7.9,22390571.0,100.9,5923.69,0,0
2011-05-17,17269,39866.79,7.9,22390571.0,100.9,5861.0,0,0
2011-05-18,17654,31351.55,7.9,22390571.0,100.9,5923.49,0,0
2011-05-19,15726,30193.49,7.9,22390571.0,100.9,5955.989999999999,0,0
2011-05-20,14281,24158.37,7.900000000000001,22390571.0,100.9,5948.49,0,0
2011-05-22,11483,21616.57,7.899999999999999,22390571.0,100.9,5873.423333333333,0,0
2011-05-23,16226,27122.07,7.900000000000001,22390571.0,100.90000000000002,5835.89,0,0
2011-05-24,15660,36973.45,7.9,22390571.0,100.9,5858.41,0,0
2011-05-25,12436,20367.73,7.899999999999999,22390571.0,100.9,5870.14,0,0
2011-05-26,10300,22315.68,7.9,22390571.0,100.9,5880.99,0,0
2011-05-27,15872,26595.78,7.899999999999999,22390571.0,100.9,5938.87,0,0
2011-05-29,3866,6811.57,7.9,22390571.0,100.9,5964.43,0,0
2011-05-31,10058,18896.9,7.9,22390571.0,100.9,5989.99,0,0
2011-06-01,7502,14415.78,8.0,28194223.0,101.40000000000002,5928.61,0,0
2011-06-02,13530,30712.38,8.0,28194223.0,101.4,5847.92,0,0
2011-06-03,6872,15026.63,8.0,28194223.0,101.40000000000002,5855.009999999999,0,0
2011-06-05,10412,19511.23,8.0,28194223.0,101.4,5860.443333333333,0,0
2011-06-06,8158,15116.13,8.0,28194223.0,101.4,5863.16,0,0
2011-06-07,18106,36693.55,8.0,28194223.0,101.4,5864.65,0,0
2011-06-08,16660,36617.69,8.0,28194223.0,101.4,5808.89,0,0
2011-06-09,29076,40405.68,8.0,28194223.0,101.40000000000002,5856.339999999999,0,0
2011-06-10,7645,54919.96,8.0,28194223.0,101.4,5769.3,0,0
2011-06-12,8430,11573.68,8.0,28194223.0,101.4,5772.073333333334,0,0
2011-06-13,8662,16678.63,8.0,28194223.0,101.4,5773.46,0,0
2011-06-14,14624,40474.01,8.0,28194223.0,101.4,5803.130000000001,0,0
2011-06-15,11226,18842.18,8.0,28194223.0,101.4,5742.55,0,0
2011-06-16,18805,30921.56,8.0,28194223.0,101.4,5698.81,0,0
2011-06-17,9460,16038.41,8.0,28194223.0,101.4,5714.94,0,0
2011-06-19,9876,15765.39,8.0,28194223.0,101.4,5700.573333333334,0,0
2011-06-20,12063,25727.59,8.0,28194223.0,101.4,5693.39,0,0
2011-06-21,12668,21443.99,8.0,28194223.0,101.4,5775.31,0,0
2011-06-22,11563,16523.51,8.0,28194223.0,101.40000000000002,5772.99,0,0
2011-06-23,13435,22918.09,8.0,28194223.0,101.4,5674.38,0,0
2011-06-24,8447,16199.51,8.0,28194223.0,101.4,5697.72,0,0
2011-06-26,3314,6276.01,8.0,28194223.0,101.4,5714.133333333333,0,0
2011-06-27,9406,15998.2,8.0,28194223.0,101.4,5722.34,0,0
2011-06-28,10815,21444.58,8.0,28194223.0,101.40000000000002,5766.88,0,0
2011-06-29,9545,18349.33,8.0,28194223.0,101.4,5855.95,0,0
2011-06-30,19925,40916.97,8.0,28194223.0,101.4,5945.71,0,0
2011-07-01,6438,10996.82,8.2,22846359.0,101.0,5989.76,0,0
2011-07-03,3117,6032.39,8.2,22846359.0,101.0,6008.28,0,0
2011-07-04,12569,37443.23,8.2,22846359.0,101.0,6017.54,0,0
2011-07-05,21561,39258.04,8.2,22846359.0,101.0,6024.03,0,0
2011-07-06,14795,21556.26,8.2,22846359.0,101.0,6002.92,0,0
2011-07-07,18843,30453.72,8.2,22846359.0,101.0,6054.55,0,0
2011-07-08,10772,23633.35,8.2,22846359.0,101.0,5990.58,0,0
2011-07-10,4255,5993.87,8.2,22846359.0,101.0,5949.633333333333,0,0
2011-07-11,13451,20042.16,8.2,22846359.0,101.0,5929.16,0,0
2011-07-12,12696,23994.88,8.2,22846359.0,101.0,5868.960000000001,0,0
2011-07-13,10067,16911.41,8.2,22846359.0,101.0,5904.19,0,0
2011-07-14,16744,25941.5,8.2,22846359.0,101.0,5846.95,0,0
2011-07-15,6848,12500.28,8.2,22846359.0,101.0,5843.66,0,0
2011-07-17,10677,16463.27,8.2,22846359.0,101.0,5783.093333333333,0,0
2011-07-18,10847,31938.68,8.2,22846359.0,101.0,5752.81,0,0
2011-07-19,20194,32755.12,8.2,22846359.0,101.0,5789.99,0,0
2011-07-20,16748,31197.08,8.2,22846359.0,101.0,5853.82,0,0
2011-07-21,18285,28897.82,8.2,22846359.0,101.0,5899.89,0,0
2011-07-22,9290,18466.77,8.2,22846359.0,101.0,5935.02,0,0
2011-07-24,16628,25394.97,8.2,22846359.0,101.0,5928.513333333333,0,0
2011-07-25,14057,23165.34,8.2,22846359.0,101.0,5925.26,0,0
2011-07-26,13568,20387.851,8.2,22846359.0,101.0,5929.73,0,0
2011-07-27,10198,19297.76,8.2,22846359.0,101.0,5856.58,0,0
2011-07-28,25845,48220.69,8.2,22846359.0,101.0,5873.21,0,0
2011-07-29,10832,17383.56,8.2,22846359.0,101.0,5815.19,0,0
2011-07-31,10830,13668.02,8.2,22846359.0,101.0,5788.016666666666,0,0
2011-08-01,10899,19540.18,8.3,22235274.0,100.2,5774.43,0,0
2011-08-02,11870,19988.05,8.3,22235274.0,100.2,5718.39,0,0
2011-08-03,15600,26414.0,8.3,22235274.0,100.2,5584.51,0,0
2011-08-04,36526,57149.55,8.3,22235274.0,100.20000000000002,5393.14,0,0
2011-08-05,10576,17109.25,8.3,22235274.0,100.2,5068.95,0,0
2011-08-07,5126,7471.51,8.3,22235274.0,100.2,5074.65,0,0
2011-08-08,11901,20900.56,8.3,22235274.0,100.2,5077.5,0,0
2011-08-09,8044,15077.75,8.3,22235274.0,100.2,5164.92,0,0
2011-08-10,12846,25306.08,8.3,22235274.0,100.2,5007.16,0,0
2011-08-11,23417,50536.34,8.3,22235274.0,100.2,5168.24,0,0
2011-08-12,8687,15678.06,8.3,22235274.0,100.2,5320.03,0,0
2011-08-14,3177,5671.92,8.3,22235274.0,100.2,5340.3966666666665,0,0
2011-08-15,7223,13110.46,8.3,22235274.0,100.2,5350.58,0,0
2011-08-16,11086,18738.22,8.3,22235274.0,100.2,5357.63,0,0
2011-08-17,23942,49742.02,8.3,22235274.0,100.2,5331.6,0,0
2011-08-18,18449,26456.04,8.3,22235274.0,100.2,5092.23,0,0
2011-08-19,8004,12872.03,8.3,22235274.0,100.2,5040.76,0,0
2011-08-21,6761,11819.11,8.3,22235274.0,100.2,5077.12,0,0
2011-08-22,14229,26637.56,8.3,22235274.0,100.2,5095.3,0,0
2011-08-23,11560,17798.16,8.3,22235274.0,100.2,5129.42,0,0
2011-08-24,27626,46387.68,8.3,22235274.0,100.2,5205.85,0,0
2011-08-25,10999,19570.39,8.3,22235274.0,100.2,5131.1,0,0
2011-08-26,10525,14799.61,8.3,22235274.0,100.20000000000002,5129.92,0,0
2011-08-28,5974,9558.54,8.3,22235274.0,100.2,5199.29,0,0
2011-08-30,10122,31336.56,8.3,22235274.0,100.2,5268.66,0,0
2011-08-31,10016,17315.79,8.3,22235274.0,100.2,5394.53,0,0
2011-09-01,22142,29063.32,8.4,28019757.0,99.9,5418.65,0,0
2011-09-02,17007,38378.57,8.4,28019757.0,99.9,5292.03,0,0
2011-09-04,7574,13208.02,8.4,28019757.0,99.9,5165.73,0,0
2011-09-05,17259,25903.98,8.4,28019757.0,99.9,5102.58,0,0
2011-09-06,13124,22913.28,8.4,28019757.0,99.9,5156.84,0,0
2011-09-07,12878,28108.48,8.4,28019757.0,99.9,5318.59,0,0
2011-09-08,13736,19983.2,8.4,28019757.0,99.9,5340.38,0,0
2011-09-09,13690,23694.72,8.4,28019757.0,99.9,5214.65,0,0
2011-09-11,20051,33745.4,8.4,28019757.0,99.9,5157.963333333333,0,0
2011-09-12,17663,29738.33,8.4,28019757.0,99.9,5129.62,0,0
2011-09-13,27554,42108.13,8.4,28019757.0,99.9,5174.25,0,0
2011-09-14,12377,21247.54,8.4,28019757.0,99.9,5227.02,0,0
2011-09-15,27600,74116.72,8.4,28019757.0,99.9,5337.54,0,0
2011-09-16,15209,25947.33,8.4,28019757.0,99.9,5368.41,0,0
2011-09-18,8994,15745.73,8.4,28019757.0,99.9,5295.843333333333,0,0
2011-09-19,12433,19152.35,8.4,28019757.0,99.9,5259.56,0,0
2011-09-20,42215,106651.45,8.4,28019757.0,99.90000000000002,5363.71,0,0
2011-09-21,18548,40676.14,8.4,28019757.0,99.9,5288.41,0,0
2011-09-22,26815,48181.12,8.4,28019757.0,99.9,5041.61,0,0
2011-09-23,17190,32701.13,8.4,28019757.0,99.9,5066.81,0,0
2011-09-25,18176,28749.491,8.4,28019757.0,99.9,5081.85,0,0
2011-09-26,14200,26877.201,8.4,28019757.0,99.9,5089.37,0,0
2011-09-27,21165,34649.75,8.4,28019757.0,99.90000000000002,5294.05,0,0
2011-09-28,22188,36808.3,8.4,28019757.0,99.9,5217.63,0,0
2011-09-29,25767,43008.79,8.4,28019757.0,99.9,5196.84,0,0
2011-09-30,18081,35718.0,8.4,28019757.0,99.9,5128.48,0,0
2011-10-02,8385,11634.53,8.5,23571673.0,100.1,5093.16,0,0
2011-10-03,25845,66018.42,8.5,23571673.0,100.1,5075.5,0,0
2011-10-04,25368,47462.29,8.5,23571673.0,100.1,4944.44,0,0
2011-10-05,33061,48491.33,8.5,23571673.0,100.1,5102.17,0,0
2011-10-06,32368,55107.28,8.5,23571673.0,100.1,5291.26,0,0
2011-10-07,26316,46980.35,8.5,23571673.0,100.1,5303.4,0,0
2011-10-09,7556,12524.4,8.5,23571673.0,100.1,5367.133333333333,0,0
2011-10-10,23435,42416.55,8.5,23571673.0,100.1,5399.0,0,0
2011-10-11,21513,42800.56,8.5,23571673.0,100.1,5395.7,0,0
2011-10-12,14553,24838.71,8.5,23571673.0,100.1,5441.8,0,0
2011-10-13,14551,27337.03,8.5,23571673.0,100.1,5403.38,0,0
2011-10-14,14823,26387.63,8.5,23571673.0,100.1,5466.36,0,0
2011-10-16,8770,22010.96,8.5,23571673.0,100.1,5446.586666666666,0,0
2011-10-17,19473,36278.81,8.5,23571673.0,100.1,5436.7,0,0
2011-10-18,25669,38375.81,8.5,23571673.0,100.1,5410.35,0,0
2011-10-19,15188,28267.63,8.5,23571673.0,100.1,5450.49,0,0
2011-10-20,16393,29202.23,8.5,23571673.0,100.1,5384.68,0,0
2011-10-21,20382,55413.79,8.5,23571673.0,100.1,5488.65,0,0
2011-10-23,7073,12339.16,8.5,23571673.0,100.1,5528.256666666667,0,0
2011-10-24,25859,46983.19,8.5,23571673.0,100.1,5548.06,0,0
2011-10-25,24864,37839.52,8.5,23571673.0,100.1,5525.54,0,0
2011-10-26,19170,33479.61,8.5,23571673.0,100.1,5553.24,0,0
2011-10-27,25809,34768.1,8.5,23571673.0,100.1,5713.82,0,0
2011-10-28,17358,28223.5,8.5,23571673.0,100.1,5702.24,0,0
2011-10-30,17662,30582.12,8.5,23571673.0,100.09999999999998,5596.893333333333,0,0
2011-10-31,19532,53211.5,8.5,23571673.0,100.1,5544.22,0,0
2011-11-01,14984,25133.29,8.4,25640499.0,100.0,5421.57,0,0
2011-11-02,24778,38904.65,8.4,25640499.0,100.0,5484.1,0,0
2011-11-03,32412,59827.57,8.4,25640499.0,100.0,5545.64,0,0
2011-11-04,33028,57801.85,8.4,25640499.0,100.0,5527.16,0,0
2011-11-06,18353,33160.73,8.4,25640499.0,100.0,5516.266666666666,0,0
2011-11-07,29599,82770.2,8.4,25640499.0,100.0,5510.82,0,0
2011-11-08,25183,55231.21,8.4,25640499.0,100.0,5567.34,0,0
2011-11-09,37103,63783.31,8.4,25640499.0,100.0,5460.38,0,0
2011-11-10,28993,55903.49,8.4,25640499.0,100.0,5444.82,0,0
2011-11-11,23998,46541.11,8.4,25640499.0,100.0,5545.38,0,0
2011-11-13,17753,28905.55,8.4,25640499.0,100.0,5527.82,0,0
2011-11-14,44514,108579.94,8.4,25640499.0,100.0,5519.04,0,0
2011-11-15,25432,51321.29,8.4,25640499.0,100.0,5517.44,0,0
2011-11-16,26855,55298.78,8.4,25640499.0,100.0,5509.02,0,0
2011-11-17,23480,41740.89,8.4,25640499.0,100.0,5423.14,0,0
2011-11-18,20894,43389.06,8.4,25640499.0,100.0,5362.94,0,0
2011-11-20,17868,31565.02,8.4,25640499.0,100.0,5269.38,0,0
2011-11-21,23646,45173.19,8.4,25640499.0,100.0,5222.6,0,0
2011-11-22,32656,57906.86,8.4,25640499.0,100.0,5206.82,0,0
2011-11-23,29619,64672.19,8.4,25640499.0,100.0,5139.78,0,0
2011-11-24,22385,42328.65,8.4,25640499.0,100.0,5127.57,0,0
2011-11-25,30216,47126.63,8.4,25640499.0,100.0,5164.65,0,0
2011-11-27,10948,19781.17,8.4,25640499.0,100.0,5263.39,0,0
2011-11-28,26929,52649.14,8.4,25640499.0,100.0,5312.76,0,0
2011-11-29,27236,65304.01,8.4,25640499.0,100.0,5337.0,0,0
2011-11-30,22989,50546.43,8.4,25640499.0,100.0,5505.42,0,0
2011-12-01,25529,48641.07,8.4,38280068.0,99.6,5489.34,0,0
2011-12-02,26154,53657.85,8.4,38280068.0,99.6,5552.29,0,0
2011-12-04,10832,21636.13,8.4,38280068.0,99.6,5562.736666666667,0,0
2011-12-05,42913,85452.99,8.4,38280068.0,99.6,5567.96,0,0
2011-12-06,28556,52638.57,8.4,38280068.0,99.6,5568.72,0,0
2011-12-07,29957,55338.42,8.4,38280068.0,99.6,5546.91,0,0
2011-12-08,33565,79122.96,8.4,38280068.0,99.6,5483.77,0,0
2011-12-09,90564,70046.16714285714,8.4,38280068.0,99.6,5529.21,0,0
